2026-05-29 11:36:00,512 [Worker-6: Loading available Gradle versions] INFO  o.e.b.c.i.u.g.PublishedGradleVersions - Gradle version information cache is not available. Remote download required.
2026-05-29 15:19:22,304 [Worker-1: Loading available Gradle versions] INFO  o.e.b.c.i.u.g.PublishedGradleVersions - Gradle version information cache is up-to-date. Trying to read.
2026-05-29 15:35:24,906 [Worker-1: Loading available Gradle versions] INFO  o.e.b.c.i.u.g.PublishedGradleVersions - Gradle version information cache is up-to-date. Trying to read.
2026-05-29 15:38:05,753 [ModalContext] INFO  o.e.m.c.i.e.AbstractTransferListenerAdapter - Downloading https://repo.maven.apache.org/maven2/org/apache/maven/archetypes/maven-archetype-quickstart/1.5/maven-archetype-quickstart-1.5.pom
2026-05-29 15:38:05,765 [ModalContext] INFO  o.e.m.c.i.e.AbstractTransferListenerAdapter - Downloaded https://repo.maven.apache.org/maven2/org/apache/maven/archetypes/maven-archetype-quickstart/1.5/maven-archetype-quickstart-1.5.pom
2026-05-29 15:38:05,821 [ModalContext] INFO  o.e.m.c.i.e.AbstractTransferListenerAdapter - Downloading https://repo.maven.apache.org/maven2/org/apache/maven/archetypes/maven-archetype-bundles/1.5/maven-archetype-bundles-1.5.pom
2026-05-29 15:38:05,825 [ModalContext] INFO  o.e.m.c.i.e.AbstractTransferListenerAdapter - Downloaded https://repo.maven.apache.org/maven2/org/apache/maven/archetypes/maven-archetype-bundles/1.5/maven-archetype-bundles-1.5.pom
2026-05-29 15:38:05,912 [ModalContext] INFO  o.e.m.c.i.e.AbstractTransferListenerAdapter - Downloading https://repo.maven.apache.org/maven2/org/apache/maven/archetypes/maven-archetype-quickstart/1.5/maven-archetype-quickstart-1.5.jar
2026-05-29 15:38:05,916 [ModalContext] INFO  o.e.m.c.i.e.AbstractTransferListenerAdapter - Downloaded https://repo.maven.apache.org/maven2/org/apache/maven/archetypes/maven-archetype-quickstart/1.5/maven-archetype-quickstart-1.5.jar
2026-05-29 15:38:29,878 [Worker-10: Launching mavenrun-024d6b24-f0a3-45ea-9b28-6f559e8f6757] INFO  o.eclipse.m2e.core.internal.Bundles - getClasspathEntries(Bundle=org.eclipse.m2e.maven.runtime_3.9.1200.20260112-2306 [372])
2026-05-29 15:38:29,879 [Worker-10: Launching mavenrun-024d6b24-f0a3-45ea-9b28-6f559e8f6757] INFO  o.eclipse.m2e.core.internal.Bundles - 	Entry: C:\sts-5.1.1.RELEASE\plugins\org.eclipse.m2e.maven.runtime_3.9.1200.20260112-2306
2026-05-29 15:38:29,880 [Worker-10: Launching mavenrun-024d6b24-f0a3-45ea-9b28-6f559e8f6757] INFO  o.eclipse.m2e.core.internal.Bundles - 	Entry: C:\sts-5.1.1.RELEASE\plugins\org.eclipse.m2e.maven.runtime_3.9.1200.20260112-2306\jars\aopalliance-1.0.jar
2026-05-29 15:38:29,880 [Worker-10: Launching mavenrun-024d6b24-f0a3-45ea-9b28-6f559e8f6757] INFO  o.eclipse.m2e.core.internal.Bundles - 	Entry: C:\sts-5.1.1.RELEASE\plugins\org.eclipse.m2e.maven.runtime_3.9.1200.20260112-2306\jars\asm-9.9.jar
2026-05-29 15:38:29,880 [Worker-10: Launching mavenrun-024d6b24-f0a3-45ea-9b28-6f559e8f6757] INFO  o.eclipse.m2e.core.internal.Bundles - 	Entry: C:\sts-5.1.1.RELEASE\plugins\org.eclipse.m2e.maven.runtime_3.9.1200.20260112-2306\jars\error_prone_annotations-2.41.0.jar
2026-05-29 15:38:29,880 [Worker-10: Launching mavenrun-024d6b24-f0a3-45ea-9b28-6f559e8f6757] INFO  o.eclipse.m2e.core.internal.Bundles - 	Entry: C:\sts-5.1.1.RELEASE\plugins\org.eclipse.m2e.maven.runtime_3.9.1200.20260112-2306\jars\gson-2.13.2.jar
2026-05-29 15:38:29,880 [Worker-10: Launching mavenrun-024d6b24-f0a3-45ea-9b28-6f559e8f6757] INFO  o.eclipse.m2e.core.internal.Bundles - 	Entry: C:\sts-5.1.1.RELEASE\plugins\org.eclipse.m2e.maven.runtime_3.9.1200.20260112-2306\jars\guice-5.1.0-classes.jar
2026-05-29 15:38:29,880 [Worker-10: Launching mavenrun-024d6b24-f0a3-45ea-9b28-6f559e8f6757] INFO  o.eclipse.m2e.core.internal.Bundles - 	Entry: C:\sts-5.1.1.RELEASE\plugins\org.eclipse.m2e.maven.runtime_3.9.1200.20260112-2306\jars\httpclient-4.5.14.jar
2026-05-29 15:38:29,880 [Worker-10: Launching mavenrun-024d6b24-f0a3-45ea-9b28-6f559e8f6757] INFO  o.eclipse.m2e.core.internal.Bundles - 	Entry: C:\sts-5.1.1.RELEASE\plugins\org.eclipse.m2e.maven.runtime_3.9.1200.20260112-2306\jars\httpcore-4.4.16.jar
2026-05-29 15:38:29,880 [Worker-10: Launching mavenrun-024d6b24-f0a3-45ea-9b28-6f559e8f6757] INFO  o.eclipse.m2e.core.internal.Bundles - 	Entry: C:\sts-5.1.1.RELEASE\plugins\org.eclipse.m2e.maven.runtime_3.9.1200.20260112-2306\jars\jansi-2.4.2.jar
2026-05-29 15:38:29,880 [Worker-10: Launching mavenrun-024d6b24-f0a3-45ea-9b28-6f559e8f6757] INFO  o.eclipse.m2e.core.internal.Bundles - 	Entry: C:\sts-5.1.1.RELEASE\plugins\org.eclipse.m2e.maven.runtime_3.9.1200.20260112-2306\jars\jcl-over-slf4j-1.7.36.jar
2026-05-29 15:38:29,880 [Worker-10: Launching mavenrun-024d6b24-f0a3-45ea-9b28-6f559e8f6757] INFO  o.eclipse.m2e.core.internal.Bundles - 	Entry: C:\sts-5.1.1.RELEASE\plugins\org.eclipse.m2e.maven.runtime_3.9.1200.20260112-2306\jars\maven-artifact-3.9.12.jar
2026-05-29 15:38:29,880 [Worker-10: Launching mavenrun-024d6b24-f0a3-45ea-9b28-6f559e8f6757] INFO  o.eclipse.m2e.core.internal.Bundles - 	Entry: C:\sts-5.1.1.RELEASE\plugins\org.eclipse.m2e.maven.runtime_3.9.1200.20260112-2306\jars\maven-builder-support-3.9.12.jar
2026-05-29 15:38:29,881 [Worker-10: Launching mavenrun-024d6b24-f0a3-45ea-9b28-6f559e8f6757] INFO  o.eclipse.m2e.core.internal.Bundles - 	Entry: C:\sts-5.1.1.RELEASE\plugins\org.eclipse.m2e.maven.runtime_3.9.1200.20260112-2306\jars\maven-compat-3.9.12.jar
2026-05-29 15:38:29,881 [Worker-10: Launching mavenrun-024d6b24-f0a3-45ea-9b28-6f559e8f6757] INFO  o.eclipse.m2e.core.internal.Bundles - 	Entry: C:\sts-5.1.1.RELEASE\plugins\org.eclipse.m2e.maven.runtime_3.9.1200.20260112-2306\jars\maven-core-3.9.12.jar
2026-05-29 15:38:29,881 [Worker-10: Launching mavenrun-024d6b24-f0a3-45ea-9b28-6f559e8f6757] INFO  o.eclipse.m2e.core.internal.Bundles - 	Entry: C:\sts-5.1.1.RELEASE\plugins\org.eclipse.m2e.maven.runtime_3.9.1200.20260112-2306\jars\maven-embedder-3.9.12.jar
2026-05-29 15:38:29,881 [Worker-10: Launching mavenrun-024d6b24-f0a3-45ea-9b28-6f559e8f6757] INFO  o.eclipse.m2e.core.internal.Bundles - 	Entry: C:\sts-5.1.1.RELEASE\plugins\org.eclipse.m2e.maven.runtime_3.9.1200.20260112-2306\jars\maven-model-3.9.12.jar
2026-05-29 15:38:29,881 [Worker-10: Launching mavenrun-024d6b24-f0a3-45ea-9b28-6f559e8f6757] INFO  o.eclipse.m2e.core.internal.Bundles - 	Entry: C:\sts-5.1.1.RELEASE\plugins\org.eclipse.m2e.maven.runtime_3.9.1200.20260112-2306\jars\maven-model-builder-3.9.12.jar
2026-05-29 15:38:29,881 [Worker-10: Launching mavenrun-024d6b24-f0a3-45ea-9b28-6f559e8f6757] INFO  o.eclipse.m2e.core.internal.Bundles - 	Entry: C:\sts-5.1.1.RELEASE\plugins\org.eclipse.m2e.maven.runtime_3.9.1200.20260112-2306\jars\maven-plugin-api-3.9.12.jar
2026-05-29 15:38:29,881 [Worker-10: Launching mavenrun-024d6b24-f0a3-45ea-9b28-6f559e8f6757] INFO  o.eclipse.m2e.core.internal.Bundles - 	Entry: C:\sts-5.1.1.RELEASE\plugins\org.eclipse.m2e.maven.runtime_3.9.1200.20260112-2306\jars\maven-repository-metadata-3.9.12.jar
2026-05-29 15:38:29,881 [Worker-10: Launching mavenrun-024d6b24-f0a3-45ea-9b28-6f559e8f6757] INFO  o.eclipse.m2e.core.internal.Bundles - 	Entry: C:\sts-5.1.1.RELEASE\plugins\org.eclipse.m2e.maven.runtime_3.9.1200.20260112-2306\jars\maven-resolver-api-1.9.25.jar
2026-05-29 15:38:29,881 [Worker-10: Launching mavenrun-024d6b24-f0a3-45ea-9b28-6f559e8f6757] INFO  o.eclipse.m2e.core.internal.Bundles - 	Entry: C:\sts-5.1.1.RELEASE\plugins\org.eclipse.m2e.maven.runtime_3.9.1200.20260112-2306\jars\maven-resolver-connector-basic-1.9.25.jar
2026-05-29 15:38:29,881 [Worker-10: Launching mavenrun-024d6b24-f0a3-45ea-9b28-6f559e8f6757] INFO  o.eclipse.m2e.core.internal.Bundles - 	Entry: C:\sts-5.1.1.RELEASE\plugins\org.eclipse.m2e.maven.runtime_3.9.1200.20260112-2306\jars\maven-resolver-impl-1.9.25.jar
2026-05-29 15:38:29,881 [Worker-10: Launching mavenrun-024d6b24-f0a3-45ea-9b28-6f559e8f6757] INFO  o.eclipse.m2e.core.internal.Bundles - 	Entry: C:\sts-5.1.1.RELEASE\plugins\org.eclipse.m2e.maven.runtime_3.9.1200.20260112-2306\jars\maven-resolver-named-locks-1.9.25.jar
2026-05-29 15:38:29,881 [Worker-10: Launching mavenrun-024d6b24-f0a3-45ea-9b28-6f559e8f6757] INFO  o.eclipse.m2e.core.internal.Bundles - 	Entry: C:\sts-5.1.1.RELEASE\plugins\org.eclipse.m2e.maven.runtime_3.9.1200.20260112-2306\jars\maven-resolver-provider-3.9.12.jar
2026-05-29 15:38:29,881 [Worker-10: Launching mavenrun-024d6b24-f0a3-45ea-9b28-6f559e8f6757] INFO  o.eclipse.m2e.core.internal.Bundles - 	Entry: C:\sts-5.1.1.RELEASE\plugins\org.eclipse.m2e.maven.runtime_3.9.1200.20260112-2306\jars\maven-resolver-spi-1.9.25.jar
2026-05-29 15:38:29,882 [Worker-10: Launching mavenrun-024d6b24-f0a3-45ea-9b28-6f559e8f6757] INFO  o.eclipse.m2e.core.internal.Bundles - 	Entry: C:\sts-5.1.1.RELEASE\plugins\org.eclipse.m2e.maven.runtime_3.9.1200.20260112-2306\jars\maven-resolver-transport-file-1.9.25.jar
2026-05-29 15:38:29,882 [Worker-10: Launching mavenrun-024d6b24-f0a3-45ea-9b28-6f559e8f6757] INFO  o.eclipse.m2e.core.internal.Bundles - 	Entry: C:\sts-5.1.1.RELEASE\plugins\org.eclipse.m2e.maven.runtime_3.9.1200.20260112-2306\jars\maven-resolver-transport-http-1.9.25.jar
2026-05-29 15:38:29,882 [Worker-10: Launching mavenrun-024d6b24-f0a3-45ea-9b28-6f559e8f6757] INFO  o.eclipse.m2e.core.internal.Bundles - 	Entry: C:\sts-5.1.1.RELEASE\plugins\org.eclipse.m2e.maven.runtime_3.9.1200.20260112-2306\jars\maven-resolver-transport-wagon-1.9.25.jar
2026-05-29 15:38:29,882 [Worker-10: Launching mavenrun-024d6b24-f0a3-45ea-9b28-6f559e8f6757] INFO  o.eclipse.m2e.core.internal.Bundles - 	Entry: C:\sts-5.1.1.RELEASE\plugins\org.eclipse.m2e.maven.runtime_3.9.1200.20260112-2306\jars\maven-resolver-util-1.9.25.jar
2026-05-29 15:38:29,882 [Worker-10: Launching mavenrun-024d6b24-f0a3-45ea-9b28-6f559e8f6757] INFO  o.eclipse.m2e.core.internal.Bundles - 	Entry: C:\sts-5.1.1.RELEASE\plugins\org.eclipse.m2e.maven.runtime_3.9.1200.20260112-2306\jars\maven-settings-3.9.12.jar
2026-05-29 15:38:29,882 [Worker-10: Launching mavenrun-024d6b24-f0a3-45ea-9b28-6f559e8f6757] INFO  o.eclipse.m2e.core.internal.Bundles - 	Entry: C:\sts-5.1.1.RELEASE\plugins\org.eclipse.m2e.maven.runtime_3.9.1200.20260112-2306\jars\maven-settings-builder-3.9.12.jar
2026-05-29 15:38:29,882 [Worker-10: Launching mavenrun-024d6b24-f0a3-45ea-9b28-6f559e8f6757] INFO  o.eclipse.m2e.core.internal.Bundles - 	Entry: C:\sts-5.1.1.RELEASE\plugins\org.eclipse.m2e.maven.runtime_3.9.1200.20260112-2306\jars\maven-shared-utils-3.4.2.jar
2026-05-29 15:38:29,882 [Worker-10: Launching mavenrun-024d6b24-f0a3-45ea-9b28-6f559e8f6757] INFO  o.eclipse.m2e.core.internal.Bundles - 	Entry: C:\sts-5.1.1.RELEASE\plugins\org.eclipse.m2e.maven.runtime_3.9.1200.20260112-2306\jars\org.eclipse.sisu.inject-0.9.0.M4.jar
2026-05-29 15:38:29,882 [Worker-10: Launching mavenrun-024d6b24-f0a3-45ea-9b28-6f559e8f6757] INFO  o.eclipse.m2e.core.internal.Bundles - 	Entry: C:\sts-5.1.1.RELEASE\plugins\org.eclipse.m2e.maven.runtime_3.9.1200.20260112-2306\jars\org.eclipse.sisu.plexus-0.9.0.M4.jar
2026-05-29 15:38:29,882 [Worker-10: Launching mavenrun-024d6b24-f0a3-45ea-9b28-6f559e8f6757] INFO  o.eclipse.m2e.core.internal.Bundles - 	Entry: C:\sts-5.1.1.RELEASE\plugins\org.eclipse.m2e.maven.runtime_3.9.1200.20260112-2306\jars\plexus-build-api-0.0.7.jar
2026-05-29 15:38:29,883 [Worker-10: Launching mavenrun-024d6b24-f0a3-45ea-9b28-6f559e8f6757] INFO  o.eclipse.m2e.core.internal.Bundles - 	Entry: C:\sts-5.1.1.RELEASE\plugins\org.eclipse.m2e.maven.runtime_3.9.1200.20260112-2306\jars\plexus-build-api-1.2.0.jar
2026-05-29 15:38:29,883 [Worker-10: Launching mavenrun-024d6b24-f0a3-45ea-9b28-6f559e8f6757] INFO  o.eclipse.m2e.core.internal.Bundles - 	Entry: C:\sts-5.1.1.RELEASE\plugins\org.eclipse.m2e.maven.runtime_3.9.1200.20260112-2306\jars\plexus-cipher-2.0.jar
2026-05-29 15:38:29,883 [Worker-10: Launching mavenrun-024d6b24-f0a3-45ea-9b28-6f559e8f6757] INFO  o.eclipse.m2e.core.internal.Bundles - 	Entry: C:\sts-5.1.1.RELEASE\plugins\org.eclipse.m2e.maven.runtime_3.9.1200.20260112-2306\jars\plexus-classworlds-2.9.0.jar
2026-05-29 15:38:29,883 [Worker-10: Launching mavenrun-024d6b24-f0a3-45ea-9b28-6f559e8f6757] INFO  o.eclipse.m2e.core.internal.Bundles - 	Entry: C:\sts-5.1.1.RELEASE\plugins\org.eclipse.m2e.maven.runtime_3.9.1200.20260112-2306\jars\plexus-component-annotations-2.2.0.jar
2026-05-29 15:38:29,883 [Worker-10: Launching mavenrun-024d6b24-f0a3-45ea-9b28-6f559e8f6757] INFO  o.eclipse.m2e.core.internal.Bundles - 	Entry: C:\sts-5.1.1.RELEASE\plugins\org.eclipse.m2e.maven.runtime_3.9.1200.20260112-2306\jars\plexus-interpolation-1.29.jar
2026-05-29 15:38:29,883 [Worker-10: Launching mavenrun-024d6b24-f0a3-45ea-9b28-6f559e8f6757] INFO  o.eclipse.m2e.core.internal.Bundles - 	Entry: C:\sts-5.1.1.RELEASE\plugins\org.eclipse.m2e.maven.runtime_3.9.1200.20260112-2306\jars\plexus-sec-dispatcher-2.0.jar
2026-05-29 15:38:29,883 [Worker-10: Launching mavenrun-024d6b24-f0a3-45ea-9b28-6f559e8f6757] INFO  o.eclipse.m2e.core.internal.Bundles - 	Entry: C:\sts-5.1.1.RELEASE\plugins\org.eclipse.m2e.maven.runtime_3.9.1200.20260112-2306\jars\plexus-utils-3.6.0.jar
2026-05-29 15:38:29,883 [Worker-10: Launching mavenrun-024d6b24-f0a3-45ea-9b28-6f559e8f6757] INFO  o.eclipse.m2e.core.internal.Bundles - 	Entry: C:\sts-5.1.1.RELEASE\plugins\org.eclipse.m2e.maven.runtime_3.9.1200.20260112-2306\jars\wagon-file-3.5.3.jar
2026-05-29 15:38:29,883 [Worker-10: Launching mavenrun-024d6b24-f0a3-45ea-9b28-6f559e8f6757] INFO  o.eclipse.m2e.core.internal.Bundles - 	Entry: C:\sts-5.1.1.RELEASE\plugins\org.eclipse.m2e.maven.runtime_3.9.1200.20260112-2306\jars\wagon-http-3.5.3.jar
2026-05-29 15:38:29,883 [Worker-10: Launching mavenrun-024d6b24-f0a3-45ea-9b28-6f559e8f6757] INFO  o.eclipse.m2e.core.internal.Bundles - 	Entry: C:\sts-5.1.1.RELEASE\plugins\org.eclipse.m2e.maven.runtime_3.9.1200.20260112-2306\jars\wagon-http-shared-3.5.3.jar
2026-05-29 15:38:29,883 [Worker-10: Launching mavenrun-024d6b24-f0a3-45ea-9b28-6f559e8f6757] INFO  o.eclipse.m2e.core.internal.Bundles - 	Entry: C:\sts-5.1.1.RELEASE\plugins\org.eclipse.m2e.maven.runtime_3.9.1200.20260112-2306\jars\wagon-provider-api-3.5.3.jar
2026-05-29 15:38:29,884 [Worker-10: Launching mavenrun-024d6b24-f0a3-45ea-9b28-6f559e8f6757] INFO  o.eclipse.m2e.core.internal.Bundles - getClasspathEntries(Bundle=com.google.guava_33.5.0.jre [31])
2026-05-29 15:38:29,885 [Worker-10: Launching mavenrun-024d6b24-f0a3-45ea-9b28-6f559e8f6757] INFO  o.eclipse.m2e.core.internal.Bundles - 	Entry: C:\sts-5.1.1.RELEASE\plugins\com.google.guava_33.5.0.jre.jar
2026-05-29 15:38:29,885 [Worker-10: Launching mavenrun-024d6b24-f0a3-45ea-9b28-6f559e8f6757] INFO  o.eclipse.m2e.core.internal.Bundles - getClasspathEntries(Bundle=slf4j.api_2.0.17 [620])
2026-05-29 15:38:29,885 [Worker-10: Launching mavenrun-024d6b24-f0a3-45ea-9b28-6f559e8f6757] INFO  o.eclipse.m2e.core.internal.Bundles - 	Entry: C:\sts-5.1.1.RELEASE\plugins\slf4j.api_2.0.17.jar
2026-05-29 15:38:29,885 [Worker-10: Launching mavenrun-024d6b24-f0a3-45ea-9b28-6f559e8f6757] INFO  o.eclipse.m2e.core.internal.Bundles - getClasspathEntries(Bundle=javax.inject_1.0.0.v20091030 [625])
2026-05-29 15:38:29,885 [Worker-10: Launching mavenrun-024d6b24-f0a3-45ea-9b28-6f559e8f6757] INFO  o.eclipse.m2e.core.internal.Bundles - 	Entry: C:\sts-5.1.1.RELEASE\plugins\javax.inject_1.0.0.v20091030.jar
2026-05-29 15:38:29,885 [Worker-10: Launching mavenrun-024d6b24-f0a3-45ea-9b28-6f559e8f6757] INFO  o.eclipse.m2e.core.internal.Bundles - getClasspathEntries(Bundle=javax.annotation_1.3.5.v20200909-1856 [624])
2026-05-29 15:38:29,885 [Worker-10: Launching mavenrun-024d6b24-f0a3-45ea-9b28-6f559e8f6757] INFO  o.eclipse.m2e.core.internal.Bundles - 	Entry: C:\sts-5.1.1.RELEASE\plugins\javax.annotation_1.3.5.v20200909-1856.jar
2026-05-29 15:38:29,885 [Worker-10: Launching mavenrun-024d6b24-f0a3-45ea-9b28-6f559e8f6757] INFO  o.eclipse.m2e.core.internal.Bundles - getClasspathEntries(Bundle=org.apache.commons.cli_1.11.0 [86])
2026-05-29 15:38:29,886 [Worker-10: Launching mavenrun-024d6b24-f0a3-45ea-9b28-6f559e8f6757] INFO  o.eclipse.m2e.core.internal.Bundles - 	Entry: C:\sts-5.1.1.RELEASE\plugins\org.apache.commons.cli_1.11.0.jar
2026-05-29 15:38:29,886 [Worker-10: Launching mavenrun-024d6b24-f0a3-45ea-9b28-6f559e8f6757] INFO  o.eclipse.m2e.core.internal.Bundles - getClasspathEntries(Bundle=org.apache.commons.commons-codec_1.21.0 [88])
2026-05-29 15:38:29,886 [Worker-10: Launching mavenrun-024d6b24-f0a3-45ea-9b28-6f559e8f6757] INFO  o.eclipse.m2e.core.internal.Bundles - 	Entry: C:\sts-5.1.1.RELEASE\plugins\org.apache.commons.commons-codec_1.21.0.jar
2026-05-29 15:38:29,886 [Worker-10: Launching mavenrun-024d6b24-f0a3-45ea-9b28-6f559e8f6757] INFO  o.eclipse.m2e.core.internal.Bundles - getClasspathEntries(Bundle=com.google.guava.failureaccess_1.0.3 [32])
2026-05-29 15:38:29,886 [Worker-10: Launching mavenrun-024d6b24-f0a3-45ea-9b28-6f559e8f6757] INFO  o.eclipse.m2e.core.internal.Bundles - 	Entry: C:\sts-5.1.1.RELEASE\plugins\com.google.guava.failureaccess_1.0.3.jar
2026-05-29 15:38:29,888 [Worker-10: Launching mavenrun-024d6b24-f0a3-45ea-9b28-6f559e8f6757] INFO  o.e.m.i.launch.MavenLaunchDelegate - Run build in "C:\Users\Hp\AppData\Local\Temp\m2e-archetypeGenerator17857681447600633692":
2026-05-29 15:38:29,891 [Worker-10: Launching mavenrun-024d6b24-f0a3-45ea-9b28-6f559e8f6757] INFO  o.e.m.i.launch.MavenLaunchDelegate -  mvn  -DjavaCompilerVersion=17 -DjunitVersion=5.11.0 -DarchetypeGroupId=org.apache.maven.archetypes -DarchetypeArtifactId=maven-archetype-quickstart -DarchetypeVersion=1.5 -DgroupId=com.example -DartifactId=HibernateDemo -Dversion=0.0.1-SNAPSHOT -Dpackage=com.example.HibernateDemo -DoutputDirectory=C:\Users\Hp\Documents\workspace-spring-tools-for-eclipse-5.1.1.RELEASE -Dstyle.color=always -U archetype:generate
2026-05-29 15:38:44,203 [Worker-1: Creating maven-archetype-quickstart] INFO  o.e.m.c.i.p.ProjectConfigurationManager - Collecting project info '/pom.xml' C:\Users\Hp\Documents\workspace-spring-tools-for-eclipse-5.1.1.RELEASE\HibernateDemo\pom.xml
2026-05-29 15:38:44,871 [Worker-1: Creating maven-archetype-quickstart] INFO  o.e.m.c.i.e.AbstractTransferListenerAdapter - Downloading https://repo.maven.apache.org/maven2/org/apache/maven/plugins/maven-clean-plugin/3.4.0/maven-clean-plugin-3.4.0.jar
2026-05-29 15:38:44,927 [Worker-1: Creating maven-archetype-quickstart] INFO  o.e.m.c.i.e.AbstractTransferListenerAdapter - Downloaded https://repo.maven.apache.org/maven2/org/apache/maven/plugins/maven-clean-plugin/3.4.0/maven-clean-plugin-3.4.0.jar
2026-05-29 15:38:45,059 [Worker-1: Creating maven-archetype-quickstart] INFO  o.e.m.c.i.e.AbstractTransferListenerAdapter - Downloading https://repo.maven.apache.org/maven2/org/apache/maven/plugins/maven-surefire-plugin/3.3.0/maven-surefire-plugin-3.3.0.jar
2026-05-29 15:38:45,065 [Worker-1: Creating maven-archetype-quickstart] INFO  o.e.m.c.i.e.AbstractTransferListenerAdapter - Downloaded https://repo.maven.apache.org/maven2/org/apache/maven/plugins/maven-surefire-plugin/3.3.0/maven-surefire-plugin-3.3.0.jar
2026-05-29 15:38:45,895 [Worker-1: Creating maven-archetype-quickstart] INFO  o.e.m.c.i.l.LifecycleMappingFactory - Using org.eclipse.m2e.jdt.JarLifecycleMapping lifecycle mapping for MavenProject: com.example:HibernateDemo:0.0.1-SNAPSHOT @ C:\Users\Hp\Documents\workspace-spring-tools-for-eclipse-5.1.1.RELEASE\HibernateDemo\pom.xml.
2026-05-29 15:38:45,935 [Worker-1: Creating maven-archetype-quickstart] INFO  o.e.m.c.i.e.AbstractTransferListenerAdapter - Downloading https://repo.maven.apache.org/maven2/org/junit/jupiter/junit-jupiter-api/5.11.0/junit-jupiter-api-5.11.0.pom
2026-05-29 15:38:45,938 [Worker-1: Creating maven-archetype-quickstart] INFO  o.e.m.c.i.e.AbstractTransferListenerAdapter - Downloaded https://repo.maven.apache.org/maven2/org/junit/jupiter/junit-jupiter-api/5.11.0/junit-jupiter-api-5.11.0.pom
2026-05-29 15:38:45,986 [Worker-1: Creating maven-archetype-quickstart] INFO  o.e.m.c.i.e.AbstractTransferListenerAdapter - Downloading https://repo.maven.apache.org/maven2/org/junit/platform/junit-platform-commons/1.11.0/junit-platform-commons-1.11.0.pom
2026-05-29 15:38:45,990 [Worker-1: Creating maven-archetype-quickstart] INFO  o.e.m.c.i.e.AbstractTransferListenerAdapter - Downloaded https://repo.maven.apache.org/maven2/org/junit/platform/junit-platform-commons/1.11.0/junit-platform-commons-1.11.0.pom
2026-05-29 15:38:46,033 [Worker-1: Creating maven-archetype-quickstart] INFO  o.e.m.c.i.e.AbstractTransferListenerAdapter - Downloading https://repo.maven.apache.org/maven2/org/junit/jupiter/junit-jupiter-params/5.11.0/junit-jupiter-params-5.11.0.pom
2026-05-29 15:38:46,036 [Worker-1: Creating maven-archetype-quickstart] INFO  o.e.m.c.i.e.AbstractTransferListenerAdapter - Downloaded https://repo.maven.apache.org/maven2/org/junit/jupiter/junit-jupiter-params/5.11.0/junit-jupiter-params-5.11.0.pom
2026-05-29 15:38:46,073 [BasicRepositoryConnector-repo.maven.apache.org-0-0] INFO  o.e.m.c.i.e.AbstractTransferListenerAdapter - Downloading https://repo.maven.apache.org/maven2/org/junit/jupiter/junit-jupiter-api/5.11.0/junit-jupiter-api-5.11.0.jar
2026-05-29 15:38:46,113 [BasicRepositoryConnector-repo.maven.apache.org-0-0] INFO  o.e.m.c.i.e.AbstractTransferListenerAdapter - Downloaded https://repo.maven.apache.org/maven2/org/junit/jupiter/junit-jupiter-api/5.11.0/junit-jupiter-api-5.11.0.jar
2026-05-29 15:38:46,131 [BasicRepositoryConnector-repo.maven.apache.org-0-2] INFO  o.e.m.c.i.e.AbstractTransferListenerAdapter - Downloading https://repo.maven.apache.org/maven2/org/junit/jupiter/junit-jupiter-params/5.11.0/junit-jupiter-params-5.11.0.jar
2026-05-29 15:38:46,131 [BasicRepositoryConnector-repo.maven.apache.org-0-1] INFO  o.e.m.c.i.e.AbstractTransferListenerAdapter - Downloading https://repo.maven.apache.org/maven2/org/junit/platform/junit-platform-commons/1.11.0/junit-platform-commons-1.11.0.jar
2026-05-29 15:38:46,175 [BasicRepositoryConnector-repo.maven.apache.org-0-1] INFO  o.e.m.c.i.e.AbstractTransferListenerAdapter - Downloaded https://repo.maven.apache.org/maven2/org/junit/platform/junit-platform-commons/1.11.0/junit-platform-commons-1.11.0.jar
2026-05-29 15:38:46,222 [BasicRepositoryConnector-repo.maven.apache.org-0-2] INFO  o.e.m.c.i.e.AbstractTransferListenerAdapter - Downloaded https://repo.maven.apache.org/maven2/org/junit/jupiter/junit-jupiter-params/5.11.0/junit-jupiter-params-5.11.0.jar
2026-05-29 15:38:46,303 [Worker-1: Creating maven-archetype-quickstart] INFO  o.e.m.c.i.e.AbstractTransferListenerAdapter - Downloading https://repo.maven.apache.org/maven2/org/apache/maven/plugins/maven-surefire-plugin/3.3.0/maven-surefire-plugin-3.3.0.pom
2026-05-29 15:38:46,306 [Worker-1: Creating maven-archetype-quickstart] INFO  o.e.m.c.i.e.AbstractTransferListenerAdapter - Downloaded https://repo.maven.apache.org/maven2/org/apache/maven/plugins/maven-surefire-plugin/3.3.0/maven-surefire-plugin-3.3.0.pom
2026-05-29 15:38:46,347 [Worker-1: Creating maven-archetype-quickstart] INFO  o.e.m.c.i.e.AbstractTransferListenerAdapter - Downloading https://repo.maven.apache.org/maven2/org/apache/maven/surefire/surefire/3.3.0/surefire-3.3.0.pom
2026-05-29 15:38:46,352 [Worker-1: Creating maven-archetype-quickstart] INFO  o.e.m.c.i.e.AbstractTransferListenerAdapter - Downloaded https://repo.maven.apache.org/maven2/org/apache/maven/surefire/surefire/3.3.0/surefire-3.3.0.pom
2026-05-29 15:38:46,932 [Worker-1: Creating maven-archetype-quickstart] INFO  o.e.m.j.i.AbstractJavaProjectConfigurator - Adding source folder /HibernateDemo/src/main/java
2026-05-29 15:38:46,933 [Worker-1: Creating maven-archetype-quickstart] INFO  o.e.m.j.i.AbstractJavaProjectConfigurator - Adding resource folder /HibernateDemo/src/main/resources
2026-05-29 15:38:46,936 [Worker-1: Creating maven-archetype-quickstart] INFO  o.e.m.j.i.AbstractJavaProjectConfigurator - Adding source folder /HibernateDemo/src/test/java
2026-05-29 15:38:46,937 [Worker-1: Creating maven-archetype-quickstart] INFO  o.e.m.j.i.AbstractJavaProjectConfigurator - Adding resource folder /HibernateDemo/src/test/resources
2026-05-29 15:38:47,255 [Worker-1: Creating maven-archetype-quickstart] WARN  o.apache.maven.project.MavenProject - Plugin is modifying compileSourceRoots through clear(), which will not work in Maven 4.0.0. Use MavenProject.addCompileSourceRoot()/removeCompileSourceRoot() methods instead. If using a plugin, please upgrade to the latest version or report the issue to the plugin maintainer. To disable these warnings, set -Dmaven.project.sourceRoots.warningsDisabled=true on the command line, in the .mvn/maven.config file, or in project POM properties.
2026-05-29 15:38:47,256 [Worker-1: Creating maven-archetype-quickstart] WARN  o.apache.maven.project.MavenProject - Plugin is modifying compileSourceRoots through add(), which will not work in Maven 4.0.0. Use MavenProject.addCompileSourceRoot()/removeCompileSourceRoot() methods instead. If using a plugin, please upgrade to the latest version or report the issue to the plugin maintainer. To disable these warnings, set -Dmaven.project.sourceRoots.warningsDisabled=true on the command line, in the .mvn/maven.config file, or in project POM properties.
2026-05-29 15:38:47,256 [Worker-1: Creating maven-archetype-quickstart] WARN  o.apache.maven.project.MavenProject - Plugin is modifying testCompileSourceRoots through clear(), which will not work in Maven 4.0.0. Use MavenProject.addTestCompileSourceRoot()/removeTestCompileSourceRoot() methods instead. If using a plugin, please upgrade to the latest version or report the issue to the plugin maintainer. To disable these warnings, set -Dmaven.project.sourceRoots.warningsDisabled=true on the command line, in the .mvn/maven.config file, or in project POM properties.
2026-05-29 15:38:47,257 [Worker-1: Creating maven-archetype-quickstart] WARN  o.apache.maven.project.MavenProject - Plugin is modifying testCompileSourceRoots through add(), which will not work in Maven 4.0.0. Use MavenProject.addTestCompileSourceRoot()/removeTestCompileSourceRoot() methods instead. If using a plugin, please upgrade to the latest version or report the issue to the plugin maintainer. To disable these warnings, set -Dmaven.project.sourceRoots.warningsDisabled=true on the command line, in the .mvn/maven.config file, or in project POM properties.
2026-05-29 15:38:47,268 [Worker-1: Creating maven-archetype-quickstart] INFO  o.e.m.c.i.p.ProjectConfigurationManager - Imported and configured 1 project(s) in 3 sec
2026-05-29 15:38:47,726 [Worker-2: Building] INFO  o.a.m.s.f.DefaultMavenResourcesFiltering - skip non existing resourceDirectory C:\Users\Hp\Documents\workspace-spring-tools-for-eclipse-5.1.1.RELEASE\HibernateDemo\src\main\resources
2026-05-29 15:38:47,729 [Worker-2: Building] INFO  o.a.m.s.f.DefaultMavenResourcesFiltering - skip non existing resourceDirectory C:\Users\Hp\Documents\workspace-spring-tools-for-eclipse-5.1.1.RELEASE\HibernateDemo\src\test\resources
2026-05-29 15:38:47,814 [Worker-1: Download sources and javadoc] INFO  o.e.m.c.i.e.AbstractTransferListenerAdapter - Downloading https://repo.maven.apache.org/maven2/org/junit/jupiter/junit-jupiter-api/5.11.0/junit-jupiter-api-5.11.0-sources.jar
2026-05-29 15:38:47,891 [Worker-2: Building] WARN  o.apache.maven.project.MavenProject - Plugin is modifying compileSourceRoots through clear(), which will not work in Maven 4.0.0. Use MavenProject.addCompileSourceRoot()/removeCompileSourceRoot() methods instead. If using a plugin, please upgrade to the latest version or report the issue to the plugin maintainer. To disable these warnings, set -Dmaven.project.sourceRoots.warningsDisabled=true on the command line, in the .mvn/maven.config file, or in project POM properties.
2026-05-29 15:38:47,892 [Worker-2: Building] WARN  o.apache.maven.project.MavenProject - Plugin is modifying compileSourceRoots through add(), which will not work in Maven 4.0.0. Use MavenProject.addCompileSourceRoot()/removeCompileSourceRoot() methods instead. If using a plugin, please upgrade to the latest version or report the issue to the plugin maintainer. To disable these warnings, set -Dmaven.project.sourceRoots.warningsDisabled=true on the command line, in the .mvn/maven.config file, or in project POM properties.
2026-05-29 15:38:47,892 [Worker-2: Building] WARN  o.apache.maven.project.MavenProject - Plugin is modifying testCompileSourceRoots through clear(), which will not work in Maven 4.0.0. Use MavenProject.addTestCompileSourceRoot()/removeTestCompileSourceRoot() methods instead. If using a plugin, please upgrade to the latest version or report the issue to the plugin maintainer. To disable these warnings, set -Dmaven.project.sourceRoots.warningsDisabled=true on the command line, in the .mvn/maven.config file, or in project POM properties.
2026-05-29 15:38:47,893 [Worker-2: Building] WARN  o.apache.maven.project.MavenProject - Plugin is modifying testCompileSourceRoots through add(), which will not work in Maven 4.0.0. Use MavenProject.addTestCompileSourceRoot()/removeTestCompileSourceRoot() methods instead. If using a plugin, please upgrade to the latest version or report the issue to the plugin maintainer. To disable these warnings, set -Dmaven.project.sourceRoots.warningsDisabled=true on the command line, in the .mvn/maven.config file, or in project POM properties.
2026-05-29 15:38:47,895 [Worker-1: Download sources and javadoc] INFO  o.e.m.c.i.e.AbstractTransferListenerAdapter - Downloaded https://repo.maven.apache.org/maven2/org/junit/jupiter/junit-jupiter-api/5.11.0/junit-jupiter-api-5.11.0-sources.jar
2026-05-29 15:38:47,899 [Worker-1: Download sources and javadoc] INFO  o.e.m.j.internal.DownloadSourcesJob - Downloaded sources for org.junit.jupiter:junit-jupiter-api:5.11.0
2026-05-29 15:38:47,993 [Worker-1: Download sources and javadoc] INFO  o.e.m.c.i.e.AbstractTransferListenerAdapter - Downloading https://repo.maven.apache.org/maven2/org/opentest4j/opentest4j/1.3.0/opentest4j-1.3.0-sources.jar
2026-05-29 15:38:47,997 [Worker-1: Download sources and javadoc] INFO  o.e.m.c.i.e.AbstractTransferListenerAdapter - Downloaded https://repo.maven.apache.org/maven2/org/opentest4j/opentest4j/1.3.0/opentest4j-1.3.0-sources.jar
2026-05-29 15:38:48,000 [Worker-1: Download sources and javadoc] INFO  o.e.m.j.internal.DownloadSourcesJob - Downloaded sources for org.opentest4j:opentest4j:1.3.0
2026-05-29 15:38:48,087 [Worker-1: Download sources and javadoc] INFO  o.e.m.c.i.e.AbstractTransferListenerAdapter - Downloading https://repo.maven.apache.org/maven2/org/junit/platform/junit-platform-commons/1.11.0/junit-platform-commons-1.11.0-sources.jar
2026-05-29 15:38:48,147 [Worker-1: Download sources and javadoc] INFO  o.e.m.c.i.e.AbstractTransferListenerAdapter - Downloaded https://repo.maven.apache.org/maven2/org/junit/platform/junit-platform-commons/1.11.0/junit-platform-commons-1.11.0-sources.jar
2026-05-29 15:38:48,149 [Worker-1: Download sources and javadoc] INFO  o.e.m.j.internal.DownloadSourcesJob - Downloaded sources for org.junit.platform:junit-platform-commons:1.11.0
2026-05-29 15:38:48,248 [Worker-1: Download sources and javadoc] INFO  o.e.m.c.i.e.AbstractTransferListenerAdapter - Downloading https://repo.maven.apache.org/maven2/org/apiguardian/apiguardian-api/1.1.2/apiguardian-api-1.1.2-sources.jar
2026-05-29 15:38:48,253 [Worker-1: Download sources and javadoc] INFO  o.e.m.c.i.e.AbstractTransferListenerAdapter - Downloaded https://repo.maven.apache.org/maven2/org/apiguardian/apiguardian-api/1.1.2/apiguardian-api-1.1.2-sources.jar
2026-05-29 15:38:48,256 [Worker-1: Download sources and javadoc] INFO  o.e.m.j.internal.DownloadSourcesJob - Downloaded sources for org.apiguardian:apiguardian-api:1.1.2
2026-05-29 15:38:48,357 [Worker-1: Download sources and javadoc] INFO  o.e.m.c.i.e.AbstractTransferListenerAdapter - Downloading https://repo.maven.apache.org/maven2/org/junit/jupiter/junit-jupiter-params/5.11.0/junit-jupiter-params-5.11.0-sources.jar
2026-05-29 15:38:48,433 [Worker-1: Download sources and javadoc] INFO  o.e.m.c.i.e.AbstractTransferListenerAdapter - Downloaded https://repo.maven.apache.org/maven2/org/junit/jupiter/junit-jupiter-params/5.11.0/junit-jupiter-params-5.11.0-sources.jar
2026-05-29 15:38:48,436 [Worker-1: Download sources and javadoc] INFO  o.e.m.j.internal.DownloadSourcesJob - Downloaded sources for org.junit.jupiter:junit-jupiter-params:5.11.0
2026-05-29 15:40:08,534 [Worker-10: Building] INFO  o.e.m.c.i.l.LifecycleMappingFactory - Using org.eclipse.m2e.jdt.JarLifecycleMapping lifecycle mapping for MavenProject: com.example:HibernateDemo:0.0.1-SNAPSHOT @ C:\Users\Hp\Documents\workspace-spring-tools-for-eclipse-5.1.1.RELEASE\HibernateDemo\pom.xml.
2026-05-29 15:40:08,615 [Worker-10: Building] INFO  o.e.m.c.i.e.AbstractTransferListenerAdapter - Downloading https://repo.maven.apache.org/maven2/org/jboss/logging/jboss-logging/3.5.0.Final/jboss-logging-3.5.0.Final.pom
2026-05-29 15:40:08,620 [Worker-10: Building] INFO  o.e.m.c.i.e.AbstractTransferListenerAdapter - Downloaded https://repo.maven.apache.org/maven2/org/jboss/logging/jboss-logging/3.5.0.Final/jboss-logging-3.5.0.Final.pom
2026-05-29 15:40:08,664 [Worker-10: Building] INFO  o.e.m.c.i.e.AbstractTransferListenerAdapter - Downloading https://repo.maven.apache.org/maven2/net/bytebuddy/byte-buddy/1.14.11/byte-buddy-1.14.11.pom
2026-05-29 15:40:08,668 [Worker-10: Building] INFO  o.e.m.c.i.e.AbstractTransferListenerAdapter - Downloaded https://repo.maven.apache.org/maven2/net/bytebuddy/byte-buddy/1.14.11/byte-buddy-1.14.11.pom
2026-05-29 15:40:08,708 [Worker-10: Building] INFO  o.e.m.c.i.e.AbstractTransferListenerAdapter - Downloading https://repo.maven.apache.org/maven2/net/bytebuddy/byte-buddy-parent/1.14.11/byte-buddy-parent-1.14.11.pom
2026-05-29 15:40:08,712 [Worker-10: Building] INFO  o.e.m.c.i.e.AbstractTransferListenerAdapter - Downloaded https://repo.maven.apache.org/maven2/net/bytebuddy/byte-buddy-parent/1.14.11/byte-buddy-parent-1.14.11.pom
2026-05-29 15:40:08,752 [Worker-10: Building] INFO  o.e.m.c.i.e.AbstractTransferListenerAdapter - Downloading https://repo.maven.apache.org/maven2/jakarta/xml/bind/jakarta.xml.bind-api/4.0.0/jakarta.xml.bind-api-4.0.0.pom
2026-05-29 15:40:08,757 [Worker-10: Building] INFO  o.e.m.c.i.e.AbstractTransferListenerAdapter - Downloaded https://repo.maven.apache.org/maven2/jakarta/xml/bind/jakarta.xml.bind-api/4.0.0/jakarta.xml.bind-api-4.0.0.pom
2026-05-29 15:40:08,797 [Worker-10: Building] INFO  o.e.m.c.i.e.AbstractTransferListenerAdapter - Downloading https://repo.maven.apache.org/maven2/jakarta/xml/bind/jakarta.xml.bind-api-parent/4.0.0/jakarta.xml.bind-api-parent-4.0.0.pom
2026-05-29 15:40:08,801 [Worker-10: Building] INFO  o.e.m.c.i.e.AbstractTransferListenerAdapter - Downloaded https://repo.maven.apache.org/maven2/jakarta/xml/bind/jakarta.xml.bind-api-parent/4.0.0/jakarta.xml.bind-api-parent-4.0.0.pom
2026-05-29 15:40:08,841 [Worker-10: Building] INFO  o.e.m.c.i.e.AbstractTransferListenerAdapter - Downloading https://repo.maven.apache.org/maven2/jakarta/activation/jakarta.activation-api/2.1.0/jakarta.activation-api-2.1.0.pom
2026-05-29 15:40:08,844 [Worker-10: Building] INFO  o.e.m.c.i.e.AbstractTransferListenerAdapter - Downloaded https://repo.maven.apache.org/maven2/jakarta/activation/jakarta.activation-api/2.1.0/jakarta.activation-api-2.1.0.pom
2026-05-29 15:40:08,885 [Worker-10: Building] INFO  o.e.m.c.i.e.AbstractTransferListenerAdapter - Downloading https://repo.maven.apache.org/maven2/org/glassfish/jaxb/jaxb-runtime/4.0.2/jaxb-runtime-4.0.2.pom
2026-05-29 15:40:08,888 [Worker-10: Building] INFO  o.e.m.c.i.e.AbstractTransferListenerAdapter - Downloaded https://repo.maven.apache.org/maven2/org/glassfish/jaxb/jaxb-runtime/4.0.2/jaxb-runtime-4.0.2.pom
2026-05-29 15:40:08,927 [Worker-10: Building] INFO  o.e.m.c.i.e.AbstractTransferListenerAdapter - Downloading https://repo.maven.apache.org/maven2/com/sun/xml/bind/mvn/jaxb-runtime-parent/4.0.2/jaxb-runtime-parent-4.0.2.pom
2026-05-29 15:40:08,930 [Worker-10: Building] INFO  o.e.m.c.i.e.AbstractTransferListenerAdapter - Downloaded https://repo.maven.apache.org/maven2/com/sun/xml/bind/mvn/jaxb-runtime-parent/4.0.2/jaxb-runtime-parent-4.0.2.pom
2026-05-29 15:40:08,967 [Worker-10: Building] INFO  o.e.m.c.i.e.AbstractTransferListenerAdapter - Downloading https://repo.maven.apache.org/maven2/com/sun/xml/bind/mvn/jaxb-parent/4.0.2/jaxb-parent-4.0.2.pom
2026-05-29 15:40:08,971 [Worker-10: Building] INFO  o.e.m.c.i.e.AbstractTransferListenerAdapter - Downloaded https://repo.maven.apache.org/maven2/com/sun/xml/bind/mvn/jaxb-parent/4.0.2/jaxb-parent-4.0.2.pom
2026-05-29 15:40:09,009 [Worker-10: Building] INFO  o.e.m.c.i.e.AbstractTransferListenerAdapter - Downloading https://repo.maven.apache.org/maven2/com/sun/xml/bind/jaxb-bom-ext/4.0.2/jaxb-bom-ext-4.0.2.pom
2026-05-29 15:40:09,014 [Worker-10: Building] INFO  o.e.m.c.i.e.AbstractTransferListenerAdapter - Downloaded https://repo.maven.apache.org/maven2/com/sun/xml/bind/jaxb-bom-ext/4.0.2/jaxb-bom-ext-4.0.2.pom
2026-05-29 15:40:09,053 [Worker-10: Building] INFO  o.e.m.c.i.e.AbstractTransferListenerAdapter - Downloading https://repo.maven.apache.org/maven2/org/glassfish/jaxb/jaxb-bom/4.0.2/jaxb-bom-4.0.2.pom
2026-05-29 15:40:09,058 [Worker-10: Building] INFO  o.e.m.c.i.e.AbstractTransferListenerAdapter - Downloaded https://repo.maven.apache.org/maven2/org/glassfish/jaxb/jaxb-bom/4.0.2/jaxb-bom-4.0.2.pom
2026-05-29 15:40:09,095 [Worker-10: Building] INFO  o.e.m.c.i.e.AbstractTransferListenerAdapter - Downloading https://repo.maven.apache.org/maven2/org/glassfish/jaxb/jaxb-core/4.0.2/jaxb-core-4.0.2.pom
2026-05-29 15:40:09,098 [Worker-10: Building] INFO  o.e.m.c.i.e.AbstractTransferListenerAdapter - Downloaded https://repo.maven.apache.org/maven2/org/glassfish/jaxb/jaxb-core/4.0.2/jaxb-core-4.0.2.pom
2026-05-29 15:40:09,138 [Worker-10: Building] INFO  o.e.m.c.i.e.AbstractTransferListenerAdapter - Downloading https://repo.maven.apache.org/maven2/jakarta/activation/jakarta.activation-api/2.1.1/jakarta.activation-api-2.1.1.pom
2026-05-29 15:40:09,143 [Worker-10: Building] INFO  o.e.m.c.i.e.AbstractTransferListenerAdapter - Downloaded https://repo.maven.apache.org/maven2/jakarta/activation/jakarta.activation-api/2.1.1/jakarta.activation-api-2.1.1.pom
2026-05-29 15:40:09,186 [Worker-10: Building] INFO  o.e.m.c.i.e.AbstractTransferListenerAdapter - Downloading https://repo.maven.apache.org/maven2/org/eclipse/angus/angus-activation/2.0.0/angus-activation-2.0.0.pom
2026-05-29 15:40:09,189 [Worker-10: Building] INFO  o.e.m.c.i.e.AbstractTransferListenerAdapter - Downloaded https://repo.maven.apache.org/maven2/org/eclipse/angus/angus-activation/2.0.0/angus-activation-2.0.0.pom
2026-05-29 15:40:09,225 [Worker-10: Building] INFO  o.e.m.c.i.e.AbstractTransferListenerAdapter - Downloading https://repo.maven.apache.org/maven2/org/eclipse/angus/angus-activation-project/2.0.0/angus-activation-project-2.0.0.pom
2026-05-29 15:40:09,229 [Worker-10: Building] INFO  o.e.m.c.i.e.AbstractTransferListenerAdapter - Downloaded https://repo.maven.apache.org/maven2/org/eclipse/angus/angus-activation-project/2.0.0/angus-activation-project-2.0.0.pom
2026-05-29 15:40:09,261 [Worker-10: Building] INFO  o.e.m.c.i.e.AbstractTransferListenerAdapter - Downloading https://repo.maven.apache.org/maven2/org/glassfish/jaxb/txw2/4.0.2/txw2-4.0.2.pom
2026-05-29 15:40:09,264 [Worker-10: Building] INFO  o.e.m.c.i.e.AbstractTransferListenerAdapter - Downloaded https://repo.maven.apache.org/maven2/org/glassfish/jaxb/txw2/4.0.2/txw2-4.0.2.pom
2026-05-29 15:40:09,296 [Worker-10: Building] INFO  o.e.m.c.i.e.AbstractTransferListenerAdapter - Downloading https://repo.maven.apache.org/maven2/com/sun/xml/bind/mvn/jaxb-txw-parent/4.0.2/jaxb-txw-parent-4.0.2.pom
2026-05-29 15:40:09,299 [Worker-10: Building] INFO  o.e.m.c.i.e.AbstractTransferListenerAdapter - Downloaded https://repo.maven.apache.org/maven2/com/sun/xml/bind/mvn/jaxb-txw-parent/4.0.2/jaxb-txw-parent-4.0.2.pom
2026-05-29 15:40:09,335 [Worker-10: Building] INFO  o.e.m.c.i.e.AbstractTransferListenerAdapter - Downloading https://repo.maven.apache.org/maven2/com/sun/istack/istack-commons-runtime/4.1.1/istack-commons-runtime-4.1.1.pom
2026-05-29 15:40:09,338 [Worker-10: Building] INFO  o.e.m.c.i.e.AbstractTransferListenerAdapter - Downloaded https://repo.maven.apache.org/maven2/com/sun/istack/istack-commons-runtime/4.1.1/istack-commons-runtime-4.1.1.pom
2026-05-29 15:40:09,374 [Worker-10: Building] INFO  o.e.m.c.i.e.AbstractTransferListenerAdapter - Downloading https://repo.maven.apache.org/maven2/com/sun/istack/istack-commons/4.1.1/istack-commons-4.1.1.pom
2026-05-29 15:40:09,378 [Worker-10: Building] INFO  o.e.m.c.i.e.AbstractTransferListenerAdapter - Downloaded https://repo.maven.apache.org/maven2/com/sun/istack/istack-commons/4.1.1/istack-commons-4.1.1.pom
2026-05-29 15:40:09,424 [BasicRepositoryConnector-repo.maven.apache.org-1-0] INFO  o.e.m.c.i.e.AbstractTransferListenerAdapter - Downloading https://repo.maven.apache.org/maven2/org/jboss/logging/jboss-logging/3.5.0.Final/jboss-logging-3.5.0.Final.jar
2026-05-29 15:40:09,429 [BasicRepositoryConnector-repo.maven.apache.org-1-0] INFO  o.e.m.c.i.e.AbstractTransferListenerAdapter - Downloaded https://repo.maven.apache.org/maven2/org/jboss/logging/jboss-logging/3.5.0.Final/jboss-logging-3.5.0.Final.jar
2026-05-29 15:40:09,454 [BasicRepositoryConnector-repo.maven.apache.org-1-4] INFO  o.e.m.c.i.e.AbstractTransferListenerAdapter - Downloading https://repo.maven.apache.org/maven2/org/glassfish/jaxb/jaxb-runtime/4.0.2/jaxb-runtime-4.0.2.jar
2026-05-29 15:40:09,458 [BasicRepositoryConnector-repo.maven.apache.org-1-0] INFO  o.e.m.c.i.e.AbstractTransferListenerAdapter - Downloading https://repo.maven.apache.org/maven2/org/glassfish/jaxb/jaxb-core/4.0.2/jaxb-core-4.0.2.jar
2026-05-29 15:40:09,459 [BasicRepositoryConnector-repo.maven.apache.org-1-1] INFO  o.e.m.c.i.e.AbstractTransferListenerAdapter - Downloading https://repo.maven.apache.org/maven2/net/bytebuddy/byte-buddy/1.14.11/byte-buddy-1.14.11.jar
2026-05-29 15:40:09,473 [BasicRepositoryConnector-repo.maven.apache.org-1-0] INFO  o.e.m.c.i.e.AbstractTransferListenerAdapter - Downloaded https://repo.maven.apache.org/maven2/org/glassfish/jaxb/jaxb-core/4.0.2/jaxb-core-4.0.2.jar
2026-05-29 15:40:09,474 [BasicRepositoryConnector-repo.maven.apache.org-1-3] INFO  o.e.m.c.i.e.AbstractTransferListenerAdapter - Downloading https://repo.maven.apache.org/maven2/jakarta/activation/jakarta.activation-api/2.1.0/jakarta.activation-api-2.1.0.jar
2026-05-29 15:40:09,487 [BasicRepositoryConnector-repo.maven.apache.org-1-2] INFO  o.e.m.c.i.e.AbstractTransferListenerAdapter - Downloading https://repo.maven.apache.org/maven2/jakarta/xml/bind/jakarta.xml.bind-api/4.0.0/jakarta.xml.bind-api-4.0.0.jar
2026-05-29 15:40:09,505 [BasicRepositoryConnector-repo.maven.apache.org-1-0] INFO  o.e.m.c.i.e.AbstractTransferListenerAdapter - Downloading https://repo.maven.apache.org/maven2/org/eclipse/angus/angus-activation/2.0.0/angus-activation-2.0.0.jar
2026-05-29 15:40:09,508 [BasicRepositoryConnector-repo.maven.apache.org-1-0] INFO  o.e.m.c.i.e.AbstractTransferListenerAdapter - Downloaded https://repo.maven.apache.org/maven2/org/eclipse/angus/angus-activation/2.0.0/angus-activation-2.0.0.jar
2026-05-29 15:40:09,537 [BasicRepositoryConnector-repo.maven.apache.org-1-0] INFO  o.e.m.c.i.e.AbstractTransferListenerAdapter - Downloading https://repo.maven.apache.org/maven2/org/glassfish/jaxb/txw2/4.0.2/txw2-4.0.2.jar
2026-05-29 15:40:09,542 [BasicRepositoryConnector-repo.maven.apache.org-1-0] INFO  o.e.m.c.i.e.AbstractTransferListenerAdapter - Downloaded https://repo.maven.apache.org/maven2/org/glassfish/jaxb/txw2/4.0.2/txw2-4.0.2.jar
2026-05-29 15:40:09,544 [BasicRepositoryConnector-repo.maven.apache.org-1-2] INFO  o.e.m.c.i.e.AbstractTransferListenerAdapter - Downloaded https://repo.maven.apache.org/maven2/jakarta/xml/bind/jakarta.xml.bind-api/4.0.0/jakarta.xml.bind-api-4.0.0.jar
2026-05-29 15:40:09,590 [BasicRepositoryConnector-repo.maven.apache.org-1-0] INFO  o.e.m.c.i.e.AbstractTransferListenerAdapter - Downloading https://repo.maven.apache.org/maven2/com/sun/istack/istack-commons-runtime/4.1.1/istack-commons-runtime-4.1.1.jar
2026-05-29 15:40:09,595 [BasicRepositoryConnector-repo.maven.apache.org-1-0] INFO  o.e.m.c.i.e.AbstractTransferListenerAdapter - Downloaded https://repo.maven.apache.org/maven2/com/sun/istack/istack-commons-runtime/4.1.1/istack-commons-runtime-4.1.1.jar
2026-05-29 15:40:09,595 [BasicRepositoryConnector-repo.maven.apache.org-1-3] INFO  o.e.m.c.i.e.AbstractTransferListenerAdapter - Downloaded https://repo.maven.apache.org/maven2/jakarta/activation/jakarta.activation-api/2.1.0/jakarta.activation-api-2.1.0.jar
2026-05-29 15:40:09,629 [BasicRepositoryConnector-repo.maven.apache.org-1-1] INFO  o.e.m.c.i.e.AbstractTransferListenerAdapter - Downloaded https://repo.maven.apache.org/maven2/net/bytebuddy/byte-buddy/1.14.11/byte-buddy-1.14.11.jar
2026-05-29 15:40:09,674 [BasicRepositoryConnector-repo.maven.apache.org-1-4] INFO  o.e.m.c.i.e.AbstractTransferListenerAdapter - Downloaded https://repo.maven.apache.org/maven2/org/glassfish/jaxb/jaxb-runtime/4.0.2/jaxb-runtime-4.0.2.jar
2026-05-29 15:40:09,796 [Worker-10: Building] INFO  o.e.m.c.i.e.AbstractTransferListenerAdapter - Downloading https://repo.maven.apache.org/maven2/org/apache/maven/plugins/maven-jar-plugin/3.4.1/maven-jar-plugin-3.4.1.pom
2026-05-29 15:40:09,801 [Worker-10: Building] INFO  o.e.m.c.i.e.AbstractTransferListenerAdapter - Downloaded https://repo.maven.apache.org/maven2/org/apache/maven/plugins/maven-jar-plugin/3.4.1/maven-jar-plugin-3.4.1.pom
2026-05-29 15:40:09,851 [Worker-10: Building] INFO  o.a.m.s.f.DefaultMavenResourcesFiltering - skip non existing resourceDirectory C:\Users\Hp\Documents\workspace-spring-tools-for-eclipse-5.1.1.RELEASE\HibernateDemo\src\main\resources
2026-05-29 15:40:09,853 [Worker-10: Building] INFO  o.a.m.s.f.DefaultMavenResourcesFiltering - skip non existing resourceDirectory C:\Users\Hp\Documents\workspace-spring-tools-for-eclipse-5.1.1.RELEASE\HibernateDemo\src\test\resources
2026-05-29 15:40:09,985 [Worker-10: Building] WARN  o.apache.maven.project.MavenProject - Plugin is modifying compileSourceRoots through clear(), which will not work in Maven 4.0.0. Use MavenProject.addCompileSourceRoot()/removeCompileSourceRoot() methods instead. If using a plugin, please upgrade to the latest version or report the issue to the plugin maintainer. To disable these warnings, set -Dmaven.project.sourceRoots.warningsDisabled=true on the command line, in the .mvn/maven.config file, or in project POM properties.
2026-05-29 15:40:09,986 [Worker-10: Building] WARN  o.apache.maven.project.MavenProject - Plugin is modifying compileSourceRoots through add(), which will not work in Maven 4.0.0. Use MavenProject.addCompileSourceRoot()/removeCompileSourceRoot() methods instead. If using a plugin, please upgrade to the latest version or report the issue to the plugin maintainer. To disable these warnings, set -Dmaven.project.sourceRoots.warningsDisabled=true on the command line, in the .mvn/maven.config file, or in project POM properties.
2026-05-29 15:40:09,986 [Worker-10: Building] WARN  o.apache.maven.project.MavenProject - Plugin is modifying testCompileSourceRoots through clear(), which will not work in Maven 4.0.0. Use MavenProject.addTestCompileSourceRoot()/removeTestCompileSourceRoot() methods instead. If using a plugin, please upgrade to the latest version or report the issue to the plugin maintainer. To disable these warnings, set -Dmaven.project.sourceRoots.warningsDisabled=true on the command line, in the .mvn/maven.config file, or in project POM properties.
2026-05-29 15:40:09,987 [Worker-10: Building] WARN  o.apache.maven.project.MavenProject - Plugin is modifying testCompileSourceRoots through add(), which will not work in Maven 4.0.0. Use MavenProject.addTestCompileSourceRoot()/removeTestCompileSourceRoot() methods instead. If using a plugin, please upgrade to the latest version or report the issue to the plugin maintainer. To disable these warnings, set -Dmaven.project.sourceRoots.warningsDisabled=true on the command line, in the .mvn/maven.config file, or in project POM properties.
2026-05-29 15:40:09,997 [Worker-2: Updating Maven Project] INFO  o.e.m.c.i.p.ProjectConfigurationManager - Update started
2026-05-29 15:40:10,022 [Worker-2: Updating Maven Project] INFO  o.e.m.c.i.l.LifecycleMappingFactory - Using org.eclipse.m2e.jdt.JarLifecycleMapping lifecycle mapping for MavenProject: com.example:HibernateDemo:0.0.1-SNAPSHOT @ C:\Users\Hp\Documents\workspace-spring-tools-for-eclipse-5.1.1.RELEASE\HibernateDemo\pom.xml.
2026-05-29 15:40:10,106 [Worker-2: Updating Maven Project] INFO  o.e.m.j.i.AbstractJavaProjectConfigurator - Adding source folder /HibernateDemo/src/main/java
2026-05-29 15:40:10,107 [Worker-2: Updating Maven Project] INFO  o.e.m.j.i.AbstractJavaProjectConfigurator - Adding resource folder /HibernateDemo/src/main/resources
2026-05-29 15:40:10,108 [Worker-2: Updating Maven Project] INFO  o.e.m.j.i.AbstractJavaProjectConfigurator - Adding source folder /HibernateDemo/src/test/java
2026-05-29 15:40:10,108 [Worker-2: Updating Maven Project] INFO  o.e.m.j.i.AbstractJavaProjectConfigurator - Adding resource folder /HibernateDemo/src/test/resources
2026-05-29 15:40:10,152 [Worker-2: Updating Maven Project] WARN  o.apache.maven.project.MavenProject - Plugin is modifying compileSourceRoots through clear(), which will not work in Maven 4.0.0. Use MavenProject.addCompileSourceRoot()/removeCompileSourceRoot() methods instead. If using a plugin, please upgrade to the latest version or report the issue to the plugin maintainer. To disable these warnings, set -Dmaven.project.sourceRoots.warningsDisabled=true on the command line, in the .mvn/maven.config file, or in project POM properties.
2026-05-29 15:40:10,153 [Worker-2: Updating Maven Project] WARN  o.apache.maven.project.MavenProject - Plugin is modifying compileSourceRoots through add(), which will not work in Maven 4.0.0. Use MavenProject.addCompileSourceRoot()/removeCompileSourceRoot() methods instead. If using a plugin, please upgrade to the latest version or report the issue to the plugin maintainer. To disable these warnings, set -Dmaven.project.sourceRoots.warningsDisabled=true on the command line, in the .mvn/maven.config file, or in project POM properties.
2026-05-29 15:40:10,153 [Worker-2: Updating Maven Project] WARN  o.apache.maven.project.MavenProject - Plugin is modifying testCompileSourceRoots through clear(), which will not work in Maven 4.0.0. Use MavenProject.addTestCompileSourceRoot()/removeTestCompileSourceRoot() methods instead. If using a plugin, please upgrade to the latest version or report the issue to the plugin maintainer. To disable these warnings, set -Dmaven.project.sourceRoots.warningsDisabled=true on the command line, in the .mvn/maven.config file, or in project POM properties.
2026-05-29 15:40:10,154 [Worker-2: Updating Maven Project] WARN  o.apache.maven.project.MavenProject - Plugin is modifying testCompileSourceRoots through add(), which will not work in Maven 4.0.0. Use MavenProject.addTestCompileSourceRoot()/removeTestCompileSourceRoot() methods instead. If using a plugin, please upgrade to the latest version or report the issue to the plugin maintainer. To disable these warnings, set -Dmaven.project.sourceRoots.warningsDisabled=true on the command line, in the .mvn/maven.config file, or in project POM properties.
2026-05-29 15:40:10,194 [Worker-2: Updating Maven Project] INFO  o.e.m.c.i.p.ProjectConfigurationManager - Update completed for 1 poms: local refresh takes 0.00 sec, refresh facades takes 0.00 sec, update config takes 0.00 sec 
2026-05-29 15:40:10,826 [Worker-10: Download sources and javadoc] INFO  o.e.m.c.i.e.AbstractTransferListenerAdapter - Downloading https://repo.maven.apache.org/maven2/org/hibernate/orm/hibernate-core/6.4.4.Final/hibernate-core-6.4.4.Final-sources.jar
2026-05-29 15:40:11,012 [Worker-10: Download sources and javadoc] INFO  o.e.m.c.i.e.AbstractTransferListenerAdapter - Downloaded https://repo.maven.apache.org/maven2/org/hibernate/orm/hibernate-core/6.4.4.Final/hibernate-core-6.4.4.Final-sources.jar
2026-05-29 15:40:11,015 [Worker-10: Download sources and javadoc] INFO  o.e.m.j.internal.DownloadSourcesJob - Downloaded sources for org.hibernate.orm:hibernate-core:6.4.4.Final
2026-05-29 15:40:11,083 [Worker-10: Download sources and javadoc] INFO  o.e.m.c.i.e.AbstractTransferListenerAdapter - Downloading https://repo.maven.apache.org/maven2/jakarta/transaction/jakarta.transaction-api/2.0.1/jakarta.transaction-api-2.0.1-sources.jar
2026-05-29 15:40:11,087 [Worker-9: Building] INFO  o.a.m.s.f.DefaultMavenResourcesFiltering - skip non existing resourceDirectory C:\Users\Hp\Documents\workspace-spring-tools-for-eclipse-5.1.1.RELEASE\HibernateDemo\src\main\resources
2026-05-29 15:40:11,090 [Worker-9: Building] INFO  o.a.m.s.f.DefaultMavenResourcesFiltering - skip non existing resourceDirectory C:\Users\Hp\Documents\workspace-spring-tools-for-eclipse-5.1.1.RELEASE\HibernateDemo\src\test\resources
2026-05-29 15:40:11,098 [Worker-9: Building] WARN  o.apache.maven.project.MavenProject - Plugin is modifying compileSourceRoots through clear(), which will not work in Maven 4.0.0. Use MavenProject.addCompileSourceRoot()/removeCompileSourceRoot() methods instead. If using a plugin, please upgrade to the latest version or report the issue to the plugin maintainer. To disable these warnings, set -Dmaven.project.sourceRoots.warningsDisabled=true on the command line, in the .mvn/maven.config file, or in project POM properties.
2026-05-29 15:40:11,099 [Worker-9: Building] WARN  o.apache.maven.project.MavenProject - Plugin is modifying compileSourceRoots through add(), which will not work in Maven 4.0.0. Use MavenProject.addCompileSourceRoot()/removeCompileSourceRoot() methods instead. If using a plugin, please upgrade to the latest version or report the issue to the plugin maintainer. To disable these warnings, set -Dmaven.project.sourceRoots.warningsDisabled=true on the command line, in the .mvn/maven.config file, or in project POM properties.
2026-05-29 15:40:11,099 [Worker-9: Building] WARN  o.apache.maven.project.MavenProject - Plugin is modifying testCompileSourceRoots through clear(), which will not work in Maven 4.0.0. Use MavenProject.addTestCompileSourceRoot()/removeTestCompileSourceRoot() methods instead. If using a plugin, please upgrade to the latest version or report the issue to the plugin maintainer. To disable these warnings, set -Dmaven.project.sourceRoots.warningsDisabled=true on the command line, in the .mvn/maven.config file, or in project POM properties.
2026-05-29 15:40:11,100 [Worker-9: Building] WARN  o.apache.maven.project.MavenProject - Plugin is modifying testCompileSourceRoots through add(), which will not work in Maven 4.0.0. Use MavenProject.addTestCompileSourceRoot()/removeTestCompileSourceRoot() methods instead. If using a plugin, please upgrade to the latest version or report the issue to the plugin maintainer. To disable these warnings, set -Dmaven.project.sourceRoots.warningsDisabled=true on the command line, in the .mvn/maven.config file, or in project POM properties.
2026-05-29 15:40:11,125 [Worker-10: Download sources and javadoc] INFO  o.e.m.c.i.e.AbstractTransferListenerAdapter - Downloaded https://repo.maven.apache.org/maven2/jakarta/transaction/jakarta.transaction-api/2.0.1/jakarta.transaction-api-2.0.1-sources.jar
2026-05-29 15:40:11,128 [Worker-10: Download sources and javadoc] INFO  o.e.m.j.internal.DownloadSourcesJob - Downloaded sources for jakarta.transaction:jakarta.transaction-api:2.0.1
2026-05-29 15:40:11,224 [Worker-10: Download sources and javadoc] INFO  o.e.m.c.i.e.AbstractTransferListenerAdapter - Downloading https://repo.maven.apache.org/maven2/org/jboss/logging/jboss-logging/3.5.0.Final/jboss-logging-3.5.0.Final-sources.jar
2026-05-29 15:40:11,247 [Worker-10: Download sources and javadoc] INFO  o.e.m.c.i.e.AbstractTransferListenerAdapter - Downloaded https://repo.maven.apache.org/maven2/org/jboss/logging/jboss-logging/3.5.0.Final/jboss-logging-3.5.0.Final-sources.jar
2026-05-29 15:40:11,249 [Worker-10: Download sources and javadoc] INFO  o.e.m.j.internal.DownloadSourcesJob - Downloaded sources for org.jboss.logging:jboss-logging:3.5.0.Final
2026-05-29 15:40:11,339 [Worker-10: Download sources and javadoc] INFO  o.e.m.c.i.e.AbstractTransferListenerAdapter - Downloading https://repo.maven.apache.org/maven2/org/hibernate/common/hibernate-commons-annotations/6.0.6.Final/hibernate-commons-annotations-6.0.6.Final-sources.jar
2026-05-29 15:40:11,344 [Worker-10: Download sources and javadoc] INFO  o.e.m.c.i.e.AbstractTransferListenerAdapter - Downloaded https://repo.maven.apache.org/maven2/org/hibernate/common/hibernate-commons-annotations/6.0.6.Final/hibernate-commons-annotations-6.0.6.Final-sources.jar
2026-05-29 15:40:11,346 [Worker-10: Download sources and javadoc] INFO  o.e.m.j.internal.DownloadSourcesJob - Downloaded sources for org.hibernate.common:hibernate-commons-annotations:6.0.6.Final
2026-05-29 15:40:11,409 [Worker-10: Download sources and javadoc] INFO  o.e.m.c.i.e.AbstractTransferListenerAdapter - Downloading https://repo.maven.apache.org/maven2/io/smallrye/jandex/3.1.2/jandex-3.1.2-sources.jar
2026-05-29 15:40:11,442 [Worker-10: Download sources and javadoc] INFO  o.e.m.c.i.e.AbstractTransferListenerAdapter - Downloaded https://repo.maven.apache.org/maven2/io/smallrye/jandex/3.1.2/jandex-3.1.2-sources.jar
2026-05-29 15:40:11,444 [Worker-10: Download sources and javadoc] INFO  o.e.m.j.internal.DownloadSourcesJob - Downloaded sources for io.smallrye:jandex:3.1.2
2026-05-29 15:40:11,521 [Worker-10: Download sources and javadoc] INFO  o.e.m.c.i.e.AbstractTransferListenerAdapter - Downloading https://repo.maven.apache.org/maven2/com/fasterxml/classmate/1.5.1/classmate-1.5.1-sources.jar
2026-05-29 15:40:11,542 [Worker-10: Download sources and javadoc] INFO  o.e.m.c.i.e.AbstractTransferListenerAdapter - Downloaded https://repo.maven.apache.org/maven2/com/fasterxml/classmate/1.5.1/classmate-1.5.1-sources.jar
2026-05-29 15:40:11,544 [Worker-10: Download sources and javadoc] INFO  o.e.m.j.internal.DownloadSourcesJob - Downloaded sources for com.fasterxml:classmate:1.5.1
2026-05-29 15:40:11,627 [Worker-10: Download sources and javadoc] INFO  o.e.m.c.i.e.AbstractTransferListenerAdapter - Downloading https://repo.maven.apache.org/maven2/net/bytebuddy/byte-buddy/1.14.11/byte-buddy-1.14.11-sources.jar
2026-05-29 15:40:11,975 [Worker-10: Download sources and javadoc] INFO  o.e.m.c.i.e.AbstractTransferListenerAdapter - Downloaded https://repo.maven.apache.org/maven2/net/bytebuddy/byte-buddy/1.14.11/byte-buddy-1.14.11-sources.jar
2026-05-29 15:40:11,977 [Worker-10: Download sources and javadoc] INFO  o.e.m.j.internal.DownloadSourcesJob - Downloaded sources for net.bytebuddy:byte-buddy:1.14.11
2026-05-29 15:40:12,092 [Worker-10: Download sources and javadoc] INFO  o.e.m.c.i.e.AbstractTransferListenerAdapter - Downloading https://repo.maven.apache.org/maven2/jakarta/xml/bind/jakarta.xml.bind-api/4.0.0/jakarta.xml.bind-api-4.0.0-sources.jar
2026-05-29 15:40:12,132 [Worker-10: Download sources and javadoc] INFO  o.e.m.c.i.e.AbstractTransferListenerAdapter - Downloaded https://repo.maven.apache.org/maven2/jakarta/xml/bind/jakarta.xml.bind-api/4.0.0/jakarta.xml.bind-api-4.0.0-sources.jar
2026-05-29 15:40:12,134 [Worker-10: Download sources and javadoc] INFO  o.e.m.j.internal.DownloadSourcesJob - Downloaded sources for jakarta.xml.bind:jakarta.xml.bind-api:4.0.0
2026-05-29 15:40:12,222 [Worker-10: Download sources and javadoc] INFO  o.e.m.c.i.e.AbstractTransferListenerAdapter - Downloading https://repo.maven.apache.org/maven2/jakarta/activation/jakarta.activation-api/2.1.0/jakarta.activation-api-2.1.0-sources.jar
2026-05-29 15:40:12,241 [Worker-10: Download sources and javadoc] INFO  o.e.m.c.i.e.AbstractTransferListenerAdapter - Downloaded https://repo.maven.apache.org/maven2/jakarta/activation/jakarta.activation-api/2.1.0/jakarta.activation-api-2.1.0-sources.jar
2026-05-29 15:40:12,242 [Worker-10: Download sources and javadoc] INFO  o.e.m.j.internal.DownloadSourcesJob - Downloaded sources for jakarta.activation:jakarta.activation-api:2.1.0
2026-05-29 15:40:12,311 [Worker-10: Download sources and javadoc] INFO  o.e.m.c.i.e.AbstractTransferListenerAdapter - Downloading https://repo.maven.apache.org/maven2/org/glassfish/jaxb/jaxb-runtime/4.0.2/jaxb-runtime-4.0.2-sources.jar
2026-05-29 15:40:12,375 [Worker-10: Download sources and javadoc] INFO  o.e.m.c.i.e.AbstractTransferListenerAdapter - Downloaded https://repo.maven.apache.org/maven2/org/glassfish/jaxb/jaxb-runtime/4.0.2/jaxb-runtime-4.0.2-sources.jar
2026-05-29 15:40:12,377 [Worker-10: Download sources and javadoc] INFO  o.e.m.j.internal.DownloadSourcesJob - Downloaded sources for org.glassfish.jaxb:jaxb-runtime:4.0.2
2026-05-29 15:40:12,438 [Worker-10: Download sources and javadoc] INFO  o.e.m.c.i.e.AbstractTransferListenerAdapter - Downloading https://repo.maven.apache.org/maven2/org/glassfish/jaxb/jaxb-core/4.0.2/jaxb-core-4.0.2-sources.jar
2026-05-29 15:40:12,462 [Worker-10: Download sources and javadoc] INFO  o.e.m.c.i.e.AbstractTransferListenerAdapter - Downloaded https://repo.maven.apache.org/maven2/org/glassfish/jaxb/jaxb-core/4.0.2/jaxb-core-4.0.2-sources.jar
2026-05-29 15:40:12,464 [Worker-10: Download sources and javadoc] INFO  o.e.m.j.internal.DownloadSourcesJob - Downloaded sources for org.glassfish.jaxb:jaxb-core:4.0.2
2026-05-29 15:40:12,540 [Worker-10: Download sources and javadoc] INFO  o.e.m.c.i.e.AbstractTransferListenerAdapter - Downloading https://repo.maven.apache.org/maven2/org/eclipse/angus/angus-activation/2.0.0/angus-activation-2.0.0-sources.jar
2026-05-29 15:40:12,544 [Worker-10: Download sources and javadoc] INFO  o.e.m.c.i.e.AbstractTransferListenerAdapter - Downloaded https://repo.maven.apache.org/maven2/org/eclipse/angus/angus-activation/2.0.0/angus-activation-2.0.0-sources.jar
2026-05-29 15:40:12,546 [Worker-10: Download sources and javadoc] INFO  o.e.m.j.internal.DownloadSourcesJob - Downloaded sources for org.eclipse.angus:angus-activation:2.0.0
2026-05-29 15:40:12,606 [Worker-10: Download sources and javadoc] INFO  o.e.m.c.i.e.AbstractTransferListenerAdapter - Downloading https://repo.maven.apache.org/maven2/org/glassfish/jaxb/txw2/4.0.2/txw2-4.0.2-sources.jar
2026-05-29 15:40:12,623 [Worker-10: Download sources and javadoc] INFO  o.e.m.c.i.e.AbstractTransferListenerAdapter - Downloaded https://repo.maven.apache.org/maven2/org/glassfish/jaxb/txw2/4.0.2/txw2-4.0.2-sources.jar
2026-05-29 15:40:12,625 [Worker-10: Download sources and javadoc] INFO  o.e.m.j.internal.DownloadSourcesJob - Downloaded sources for org.glassfish.jaxb:txw2:4.0.2
2026-05-29 15:40:12,710 [Worker-10: Download sources and javadoc] INFO  o.e.m.c.i.e.AbstractTransferListenerAdapter - Downloading https://repo.maven.apache.org/maven2/com/sun/istack/istack-commons-runtime/4.1.1/istack-commons-runtime-4.1.1-sources.jar
2026-05-29 15:40:12,728 [Worker-10: Download sources and javadoc] INFO  o.e.m.c.i.e.AbstractTransferListenerAdapter - Downloaded https://repo.maven.apache.org/maven2/com/sun/istack/istack-commons-runtime/4.1.1/istack-commons-runtime-4.1.1-sources.jar
2026-05-29 15:40:12,730 [Worker-10: Download sources and javadoc] INFO  o.e.m.j.internal.DownloadSourcesJob - Downloaded sources for com.sun.istack:istack-commons-runtime:4.1.1
2026-05-29 15:40:12,800 [Worker-10: Download sources and javadoc] INFO  o.e.m.c.i.e.AbstractTransferListenerAdapter - Downloading https://repo.maven.apache.org/maven2/jakarta/inject/jakarta.inject-api/2.0.1/jakarta.inject-api-2.0.1-sources.jar
2026-05-29 15:40:12,815 [Worker-10: Download sources and javadoc] INFO  o.e.m.c.i.e.AbstractTransferListenerAdapter - Downloaded https://repo.maven.apache.org/maven2/jakarta/inject/jakarta.inject-api/2.0.1/jakarta.inject-api-2.0.1-sources.jar
2026-05-29 15:40:12,818 [Worker-10: Download sources and javadoc] INFO  o.e.m.j.internal.DownloadSourcesJob - Downloaded sources for jakarta.inject:jakarta.inject-api:2.0.1
2026-05-29 15:40:12,879 [Worker-10: Download sources and javadoc] INFO  o.e.m.c.i.e.AbstractTransferListenerAdapter - Downloading https://repo.maven.apache.org/maven2/org/antlr/antlr4-runtime/4.13.0/antlr4-runtime-4.13.0-sources.jar
2026-05-29 15:40:12,945 [Worker-10: Download sources and javadoc] INFO  o.e.m.c.i.e.AbstractTransferListenerAdapter - Downloaded https://repo.maven.apache.org/maven2/org/antlr/antlr4-runtime/4.13.0/antlr4-runtime-4.13.0-sources.jar
2026-05-29 15:40:12,947 [Worker-10: Download sources and javadoc] INFO  o.e.m.j.internal.DownloadSourcesJob - Downloaded sources for org.antlr:antlr4-runtime:4.13.0
2026-05-29 15:40:13,034 [Worker-10: Download sources and javadoc] INFO  o.e.m.c.i.e.AbstractTransferListenerAdapter - Downloading https://repo.maven.apache.org/maven2/com/mysql/mysql-connector-j/8.3.0/mysql-connector-j-8.3.0-sources.jar
2026-05-29 15:40:13,136 [Worker-10: Download sources and javadoc] INFO  o.e.m.c.i.e.AbstractTransferListenerAdapter - Downloaded https://repo.maven.apache.org/maven2/com/mysql/mysql-connector-j/8.3.0/mysql-connector-j-8.3.0-sources.jar
2026-05-29 15:40:13,138 [Worker-10: Download sources and javadoc] INFO  o.e.m.j.internal.DownloadSourcesJob - Downloaded sources for com.mysql:mysql-connector-j:8.3.0
2026-05-29 15:40:13,213 [Worker-10: Download sources and javadoc] INFO  o.e.m.c.i.e.AbstractTransferListenerAdapter - Downloading https://repo.maven.apache.org/maven2/com/google/protobuf/protobuf-java/3.25.1/protobuf-java-3.25.1-sources.jar
2026-05-29 15:40:13,271 [Worker-10: Download sources and javadoc] INFO  o.e.m.c.i.e.AbstractTransferListenerAdapter - Downloaded https://repo.maven.apache.org/maven2/com/google/protobuf/protobuf-java/3.25.1/protobuf-java-3.25.1-sources.jar
2026-05-29 15:40:13,273 [Worker-10: Download sources and javadoc] INFO  o.e.m.j.internal.DownloadSourcesJob - Downloaded sources for com.google.protobuf:protobuf-java:3.25.1
2026-05-29 15:40:13,334 [Worker-10: Download sources and javadoc] INFO  o.e.m.c.i.e.AbstractTransferListenerAdapter - Downloading https://repo.maven.apache.org/maven2/jakarta/persistence/jakarta.persistence-api/3.1.0/jakarta.persistence-api-3.1.0-sources.jar
2026-05-29 15:40:13,536 [Worker-10: Download sources and javadoc] INFO  o.e.m.c.i.e.AbstractTransferListenerAdapter - Downloaded https://repo.maven.apache.org/maven2/jakarta/persistence/jakarta.persistence-api/3.1.0/jakarta.persistence-api-3.1.0-sources.jar
2026-05-29 15:40:13,538 [Worker-10: Download sources and javadoc] INFO  o.e.m.j.internal.DownloadSourcesJob - Downloaded sources for jakarta.persistence:jakarta.persistence-api:3.1.0
2026-05-29 15:40:34,824 [Worker-13: Building] INFO  o.a.m.s.f.DefaultMavenResourcesFiltering - skip non existing resourceDirectory C:\Users\Hp\Documents\workspace-spring-tools-for-eclipse-5.1.1.RELEASE\HibernateDemo\src\main\resources
2026-05-29 15:40:34,826 [Worker-13: Building] INFO  o.a.m.s.f.DefaultMavenResourcesFiltering - skip non existing resourceDirectory C:\Users\Hp\Documents\workspace-spring-tools-for-eclipse-5.1.1.RELEASE\HibernateDemo\src\test\resources
2026-05-29 15:40:34,826 [Worker-13: Building] WARN  o.apache.maven.project.MavenProject - Plugin is modifying compileSourceRoots through clear(), which will not work in Maven 4.0.0. Use MavenProject.addCompileSourceRoot()/removeCompileSourceRoot() methods instead. If using a plugin, please upgrade to the latest version or report the issue to the plugin maintainer. To disable these warnings, set -Dmaven.project.sourceRoots.warningsDisabled=true on the command line, in the .mvn/maven.config file, or in project POM properties.
2026-05-29 15:40:34,827 [Worker-13: Building] WARN  o.apache.maven.project.MavenProject - Plugin is modifying compileSourceRoots through add(), which will not work in Maven 4.0.0. Use MavenProject.addCompileSourceRoot()/removeCompileSourceRoot() methods instead. If using a plugin, please upgrade to the latest version or report the issue to the plugin maintainer. To disable these warnings, set -Dmaven.project.sourceRoots.warningsDisabled=true on the command line, in the .mvn/maven.config file, or in project POM properties.
2026-05-29 15:40:34,827 [Worker-13: Building] WARN  o.apache.maven.project.MavenProject - Plugin is modifying testCompileSourceRoots through clear(), which will not work in Maven 4.0.0. Use MavenProject.addTestCompileSourceRoot()/removeTestCompileSourceRoot() methods instead. If using a plugin, please upgrade to the latest version or report the issue to the plugin maintainer. To disable these warnings, set -Dmaven.project.sourceRoots.warningsDisabled=true on the command line, in the .mvn/maven.config file, or in project POM properties.
2026-05-29 15:40:34,828 [Worker-13: Building] WARN  o.apache.maven.project.MavenProject - Plugin is modifying testCompileSourceRoots through add(), which will not work in Maven 4.0.0. Use MavenProject.addTestCompileSourceRoot()/removeTestCompileSourceRoot() methods instead. If using a plugin, please upgrade to the latest version or report the issue to the plugin maintainer. To disable these warnings, set -Dmaven.project.sourceRoots.warningsDisabled=true on the command line, in the .mvn/maven.config file, or in project POM properties.
2026-05-29 15:40:42,968 [Worker-12: Building] INFO  o.a.m.s.f.DefaultMavenResourcesFiltering - skip non existing resourceDirectory C:\Users\Hp\Documents\workspace-spring-tools-for-eclipse-5.1.1.RELEASE\HibernateDemo\src\main\resources
2026-05-29 15:40:42,969 [Worker-12: Building] INFO  o.a.m.s.f.DefaultMavenResourcesFiltering - skip non existing resourceDirectory C:\Users\Hp\Documents\workspace-spring-tools-for-eclipse-5.1.1.RELEASE\HibernateDemo\src\test\resources
2026-05-29 15:40:42,969 [Worker-12: Building] WARN  o.apache.maven.project.MavenProject - Plugin is modifying compileSourceRoots through clear(), which will not work in Maven 4.0.0. Use MavenProject.addCompileSourceRoot()/removeCompileSourceRoot() methods instead. If using a plugin, please upgrade to the latest version or report the issue to the plugin maintainer. To disable these warnings, set -Dmaven.project.sourceRoots.warningsDisabled=true on the command line, in the .mvn/maven.config file, or in project POM properties.
2026-05-29 15:40:42,970 [Worker-12: Building] WARN  o.apache.maven.project.MavenProject - Plugin is modifying compileSourceRoots through add(), which will not work in Maven 4.0.0. Use MavenProject.addCompileSourceRoot()/removeCompileSourceRoot() methods instead. If using a plugin, please upgrade to the latest version or report the issue to the plugin maintainer. To disable these warnings, set -Dmaven.project.sourceRoots.warningsDisabled=true on the command line, in the .mvn/maven.config file, or in project POM properties.
2026-05-29 15:40:42,970 [Worker-12: Building] WARN  o.apache.maven.project.MavenProject - Plugin is modifying testCompileSourceRoots through clear(), which will not work in Maven 4.0.0. Use MavenProject.addTestCompileSourceRoot()/removeTestCompileSourceRoot() methods instead. If using a plugin, please upgrade to the latest version or report the issue to the plugin maintainer. To disable these warnings, set -Dmaven.project.sourceRoots.warningsDisabled=true on the command line, in the .mvn/maven.config file, or in project POM properties.
2026-05-29 15:40:42,971 [Worker-12: Building] WARN  o.apache.maven.project.MavenProject - Plugin is modifying testCompileSourceRoots through add(), which will not work in Maven 4.0.0. Use MavenProject.addTestCompileSourceRoot()/removeTestCompileSourceRoot() methods instead. If using a plugin, please upgrade to the latest version or report the issue to the plugin maintainer. To disable these warnings, set -Dmaven.project.sourceRoots.warningsDisabled=true on the command line, in the .mvn/maven.config file, or in project POM properties.
2026-05-29 15:42:23,543 [Worker-1: Building] INFO  o.a.m.s.f.DefaultMavenResourcesFiltering - skip non existing resourceDirectory C:\Users\Hp\Documents\workspace-spring-tools-for-eclipse-5.1.1.RELEASE\HibernateDemo\src\main\resources
2026-05-29 15:42:23,544 [Worker-1: Building] INFO  o.a.m.s.f.DefaultMavenResourcesFiltering - skip non existing resourceDirectory C:\Users\Hp\Documents\workspace-spring-tools-for-eclipse-5.1.1.RELEASE\HibernateDemo\src\test\resources
2026-05-29 15:42:23,553 [Worker-1: Building] WARN  o.apache.maven.project.MavenProject - Plugin is modifying compileSourceRoots through clear(), which will not work in Maven 4.0.0. Use MavenProject.addCompileSourceRoot()/removeCompileSourceRoot() methods instead. If using a plugin, please upgrade to the latest version or report the issue to the plugin maintainer. To disable these warnings, set -Dmaven.project.sourceRoots.warningsDisabled=true on the command line, in the .mvn/maven.config file, or in project POM properties.
2026-05-29 15:42:23,553 [Worker-1: Building] WARN  o.apache.maven.project.MavenProject - Plugin is modifying compileSourceRoots through add(), which will not work in Maven 4.0.0. Use MavenProject.addCompileSourceRoot()/removeCompileSourceRoot() methods instead. If using a plugin, please upgrade to the latest version or report the issue to the plugin maintainer. To disable these warnings, set -Dmaven.project.sourceRoots.warningsDisabled=true on the command line, in the .mvn/maven.config file, or in project POM properties.
2026-05-29 15:42:23,554 [Worker-1: Building] WARN  o.apache.maven.project.MavenProject - Plugin is modifying testCompileSourceRoots through clear(), which will not work in Maven 4.0.0. Use MavenProject.addTestCompileSourceRoot()/removeTestCompileSourceRoot() methods instead. If using a plugin, please upgrade to the latest version or report the issue to the plugin maintainer. To disable these warnings, set -Dmaven.project.sourceRoots.warningsDisabled=true on the command line, in the .mvn/maven.config file, or in project POM properties.
2026-05-29 15:42:23,554 [Worker-1: Building] WARN  o.apache.maven.project.MavenProject - Plugin is modifying testCompileSourceRoots through add(), which will not work in Maven 4.0.0. Use MavenProject.addTestCompileSourceRoot()/removeTestCompileSourceRoot() methods instead. If using a plugin, please upgrade to the latest version or report the issue to the plugin maintainer. To disable these warnings, set -Dmaven.project.sourceRoots.warningsDisabled=true on the command line, in the .mvn/maven.config file, or in project POM properties.
2026-05-29 15:42:24,622 [Worker-16: Building] INFO  o.a.m.s.f.DefaultMavenResourcesFiltering - skip non existing resourceDirectory C:\Users\Hp\Documents\workspace-spring-tools-for-eclipse-5.1.1.RELEASE\HibernateDemo\src\main\resources
2026-05-29 15:42:24,623 [Worker-16: Building] INFO  o.a.m.s.f.DefaultMavenResourcesFiltering - skip non existing resourceDirectory C:\Users\Hp\Documents\workspace-spring-tools-for-eclipse-5.1.1.RELEASE\HibernateDemo\src\test\resources
2026-05-29 15:42:24,623 [Worker-16: Building] WARN  o.apache.maven.project.MavenProject - Plugin is modifying compileSourceRoots through clear(), which will not work in Maven 4.0.0. Use MavenProject.addCompileSourceRoot()/removeCompileSourceRoot() methods instead. If using a plugin, please upgrade to the latest version or report the issue to the plugin maintainer. To disable these warnings, set -Dmaven.project.sourceRoots.warningsDisabled=true on the command line, in the .mvn/maven.config file, or in project POM properties.
2026-05-29 15:42:24,624 [Worker-16: Building] WARN  o.apache.maven.project.MavenProject - Plugin is modifying compileSourceRoots through add(), which will not work in Maven 4.0.0. Use MavenProject.addCompileSourceRoot()/removeCompileSourceRoot() methods instead. If using a plugin, please upgrade to the latest version or report the issue to the plugin maintainer. To disable these warnings, set -Dmaven.project.sourceRoots.warningsDisabled=true on the command line, in the .mvn/maven.config file, or in project POM properties.
2026-05-29 15:42:24,624 [Worker-16: Building] WARN  o.apache.maven.project.MavenProject - Plugin is modifying testCompileSourceRoots through clear(), which will not work in Maven 4.0.0. Use MavenProject.addTestCompileSourceRoot()/removeTestCompileSourceRoot() methods instead. If using a plugin, please upgrade to the latest version or report the issue to the plugin maintainer. To disable these warnings, set -Dmaven.project.sourceRoots.warningsDisabled=true on the command line, in the .mvn/maven.config file, or in project POM properties.
2026-05-29 15:42:24,625 [Worker-16: Building] WARN  o.apache.maven.project.MavenProject - Plugin is modifying testCompileSourceRoots through add(), which will not work in Maven 4.0.0. Use MavenProject.addTestCompileSourceRoot()/removeTestCompileSourceRoot() methods instead. If using a plugin, please upgrade to the latest version or report the issue to the plugin maintainer. To disable these warnings, set -Dmaven.project.sourceRoots.warningsDisabled=true on the command line, in the .mvn/maven.config file, or in project POM properties.
2026-05-29 15:43:26,876 [Worker-2: Building] INFO  o.a.m.s.f.DefaultMavenResourcesFiltering - skip non existing resourceDirectory C:\Users\Hp\Documents\workspace-spring-tools-for-eclipse-5.1.1.RELEASE\HibernateDemo\src\main\resources
2026-05-29 15:43:26,877 [Worker-2: Building] INFO  o.a.m.s.f.DefaultMavenResourcesFiltering - skip non existing resourceDirectory C:\Users\Hp\Documents\workspace-spring-tools-for-eclipse-5.1.1.RELEASE\HibernateDemo\src\test\resources
2026-05-29 15:43:26,877 [Worker-2: Building] WARN  o.apache.maven.project.MavenProject - Plugin is modifying compileSourceRoots through clear(), which will not work in Maven 4.0.0. Use MavenProject.addCompileSourceRoot()/removeCompileSourceRoot() methods instead. If using a plugin, please upgrade to the latest version or report the issue to the plugin maintainer. To disable these warnings, set -Dmaven.project.sourceRoots.warningsDisabled=true on the command line, in the .mvn/maven.config file, or in project POM properties.
2026-05-29 15:43:26,878 [Worker-2: Building] WARN  o.apache.maven.project.MavenProject - Plugin is modifying compileSourceRoots through add(), which will not work in Maven 4.0.0. Use MavenProject.addCompileSourceRoot()/removeCompileSourceRoot() methods instead. If using a plugin, please upgrade to the latest version or report the issue to the plugin maintainer. To disable these warnings, set -Dmaven.project.sourceRoots.warningsDisabled=true on the command line, in the .mvn/maven.config file, or in project POM properties.
2026-05-29 15:43:26,878 [Worker-2: Building] WARN  o.apache.maven.project.MavenProject - Plugin is modifying testCompileSourceRoots through clear(), which will not work in Maven 4.0.0. Use MavenProject.addTestCompileSourceRoot()/removeTestCompileSourceRoot() methods instead. If using a plugin, please upgrade to the latest version or report the issue to the plugin maintainer. To disable these warnings, set -Dmaven.project.sourceRoots.warningsDisabled=true on the command line, in the .mvn/maven.config file, or in project POM properties.
2026-05-29 15:43:26,878 [Worker-2: Building] WARN  o.apache.maven.project.MavenProject - Plugin is modifying testCompileSourceRoots through add(), which will not work in Maven 4.0.0. Use MavenProject.addTestCompileSourceRoot()/removeTestCompileSourceRoot() methods instead. If using a plugin, please upgrade to the latest version or report the issue to the plugin maintainer. To disable these warnings, set -Dmaven.project.sourceRoots.warningsDisabled=true on the command line, in the .mvn/maven.config file, or in project POM properties.
2026-05-29 15:54:28,905 [ModalContext] INFO  o.e.m.c.i.e.AbstractTransferListenerAdapter - Downloading https://repo.maven.apache.org/maven2/org/apache/maven/archetypes/maven-archetype-quickstart/1.1/maven-archetype-quickstart-1.1.pom
2026-05-29 15:54:28,911 [ModalContext] INFO  o.e.m.c.i.e.AbstractTransferListenerAdapter - Downloaded https://repo.maven.apache.org/maven2/org/apache/maven/archetypes/maven-archetype-quickstart/1.1/maven-archetype-quickstart-1.1.pom
2026-05-29 15:54:28,948 [ModalContext] INFO  o.e.m.c.i.e.AbstractTransferListenerAdapter - Downloading https://repo.maven.apache.org/maven2/org/apache/maven/archetypes/maven-archetype-bundles/4/maven-archetype-bundles-4.pom
2026-05-29 15:54:28,952 [ModalContext] INFO  o.e.m.c.i.e.AbstractTransferListenerAdapter - Downloaded https://repo.maven.apache.org/maven2/org/apache/maven/archetypes/maven-archetype-bundles/4/maven-archetype-bundles-4.pom
2026-05-29 15:54:28,987 [ModalContext] INFO  o.e.m.c.i.e.AbstractTransferListenerAdapter - Downloading https://repo.maven.apache.org/maven2/org/apache/maven/archetype/maven-archetype/2.0-alpha-5/maven-archetype-2.0-alpha-5.pom
2026-05-29 15:54:28,990 [ModalContext] INFO  o.e.m.c.i.e.AbstractTransferListenerAdapter - Downloaded https://repo.maven.apache.org/maven2/org/apache/maven/archetype/maven-archetype/2.0-alpha-5/maven-archetype-2.0-alpha-5.pom
2026-05-29 15:54:29,033 [ModalContext] INFO  o.e.m.c.i.e.AbstractTransferListenerAdapter - Downloading https://repo.maven.apache.org/maven2/org/apache/maven/archetypes/maven-archetype-quickstart/1.1/maven-archetype-quickstart-1.1.jar
2026-05-29 15:54:29,036 [ModalContext] INFO  o.e.m.c.i.e.AbstractTransferListenerAdapter - Downloaded https://repo.maven.apache.org/maven2/org/apache/maven/archetypes/maven-archetype-quickstart/1.1/maven-archetype-quickstart-1.1.jar
2026-05-29 15:54:57,479 [Worker-21: Launching mavenrun-37d33b7a-b046-4f8d-af10-757ebf5a8612] INFO  o.eclipse.m2e.core.internal.Bundles - getClasspathEntries(Bundle=org.eclipse.m2e.maven.runtime_3.9.1200.20260112-2306 [372])
2026-05-29 15:54:57,480 [Worker-21: Launching mavenrun-37d33b7a-b046-4f8d-af10-757ebf5a8612] INFO  o.eclipse.m2e.core.internal.Bundles - 	Entry: C:\sts-5.1.1.RELEASE\plugins\org.eclipse.m2e.maven.runtime_3.9.1200.20260112-2306
2026-05-29 15:54:57,480 [Worker-21: Launching mavenrun-37d33b7a-b046-4f8d-af10-757ebf5a8612] INFO  o.eclipse.m2e.core.internal.Bundles - 	Entry: C:\sts-5.1.1.RELEASE\plugins\org.eclipse.m2e.maven.runtime_3.9.1200.20260112-2306\jars\aopalliance-1.0.jar
2026-05-29 15:54:57,480 [Worker-21: Launching mavenrun-37d33b7a-b046-4f8d-af10-757ebf5a8612] INFO  o.eclipse.m2e.core.internal.Bundles - 	Entry: C:\sts-5.1.1.RELEASE\plugins\org.eclipse.m2e.maven.runtime_3.9.1200.20260112-2306\jars\asm-9.9.jar
2026-05-29 15:54:57,480 [Worker-21: Launching mavenrun-37d33b7a-b046-4f8d-af10-757ebf5a8612] INFO  o.eclipse.m2e.core.internal.Bundles - 	Entry: C:\sts-5.1.1.RELEASE\plugins\org.eclipse.m2e.maven.runtime_3.9.1200.20260112-2306\jars\error_prone_annotations-2.41.0.jar
2026-05-29 15:54:57,480 [Worker-21: Launching mavenrun-37d33b7a-b046-4f8d-af10-757ebf5a8612] INFO  o.eclipse.m2e.core.internal.Bundles - 	Entry: C:\sts-5.1.1.RELEASE\plugins\org.eclipse.m2e.maven.runtime_3.9.1200.20260112-2306\jars\gson-2.13.2.jar
2026-05-29 15:54:57,480 [Worker-21: Launching mavenrun-37d33b7a-b046-4f8d-af10-757ebf5a8612] INFO  o.eclipse.m2e.core.internal.Bundles - 	Entry: C:\sts-5.1.1.RELEASE\plugins\org.eclipse.m2e.maven.runtime_3.9.1200.20260112-2306\jars\guice-5.1.0-classes.jar
2026-05-29 15:54:57,480 [Worker-21: Launching mavenrun-37d33b7a-b046-4f8d-af10-757ebf5a8612] INFO  o.eclipse.m2e.core.internal.Bundles - 	Entry: C:\sts-5.1.1.RELEASE\plugins\org.eclipse.m2e.maven.runtime_3.9.1200.20260112-2306\jars\httpclient-4.5.14.jar
2026-05-29 15:54:57,481 [Worker-21: Launching mavenrun-37d33b7a-b046-4f8d-af10-757ebf5a8612] INFO  o.eclipse.m2e.core.internal.Bundles - 	Entry: C:\sts-5.1.1.RELEASE\plugins\org.eclipse.m2e.maven.runtime_3.9.1200.20260112-2306\jars\httpcore-4.4.16.jar
2026-05-29 15:54:57,481 [Worker-21: Launching mavenrun-37d33b7a-b046-4f8d-af10-757ebf5a8612] INFO  o.eclipse.m2e.core.internal.Bundles - 	Entry: C:\sts-5.1.1.RELEASE\plugins\org.eclipse.m2e.maven.runtime_3.9.1200.20260112-2306\jars\jansi-2.4.2.jar
2026-05-29 15:54:57,481 [Worker-21: Launching mavenrun-37d33b7a-b046-4f8d-af10-757ebf5a8612] INFO  o.eclipse.m2e.core.internal.Bundles - 	Entry: C:\sts-5.1.1.RELEASE\plugins\org.eclipse.m2e.maven.runtime_3.9.1200.20260112-2306\jars\jcl-over-slf4j-1.7.36.jar
2026-05-29 15:54:57,481 [Worker-21: Launching mavenrun-37d33b7a-b046-4f8d-af10-757ebf5a8612] INFO  o.eclipse.m2e.core.internal.Bundles - 	Entry: C:\sts-5.1.1.RELEASE\plugins\org.eclipse.m2e.maven.runtime_3.9.1200.20260112-2306\jars\maven-artifact-3.9.12.jar
2026-05-29 15:54:57,481 [Worker-21: Launching mavenrun-37d33b7a-b046-4f8d-af10-757ebf5a8612] INFO  o.eclipse.m2e.core.internal.Bundles - 	Entry: C:\sts-5.1.1.RELEASE\plugins\org.eclipse.m2e.maven.runtime_3.9.1200.20260112-2306\jars\maven-builder-support-3.9.12.jar
2026-05-29 15:54:57,481 [Worker-21: Launching mavenrun-37d33b7a-b046-4f8d-af10-757ebf5a8612] INFO  o.eclipse.m2e.core.internal.Bundles - 	Entry: C:\sts-5.1.1.RELEASE\plugins\org.eclipse.m2e.maven.runtime_3.9.1200.20260112-2306\jars\maven-compat-3.9.12.jar
2026-05-29 15:54:57,481 [Worker-21: Launching mavenrun-37d33b7a-b046-4f8d-af10-757ebf5a8612] INFO  o.eclipse.m2e.core.internal.Bundles - 	Entry: C:\sts-5.1.1.RELEASE\plugins\org.eclipse.m2e.maven.runtime_3.9.1200.20260112-2306\jars\maven-core-3.9.12.jar
2026-05-29 15:54:57,481 [Worker-21: Launching mavenrun-37d33b7a-b046-4f8d-af10-757ebf5a8612] INFO  o.eclipse.m2e.core.internal.Bundles - 	Entry: C:\sts-5.1.1.RELEASE\plugins\org.eclipse.m2e.maven.runtime_3.9.1200.20260112-2306\jars\maven-embedder-3.9.12.jar
2026-05-29 15:54:57,481 [Worker-21: Launching mavenrun-37d33b7a-b046-4f8d-af10-757ebf5a8612] INFO  o.eclipse.m2e.core.internal.Bundles - 	Entry: C:\sts-5.1.1.RELEASE\plugins\org.eclipse.m2e.maven.runtime_3.9.1200.20260112-2306\jars\maven-model-3.9.12.jar
2026-05-29 15:54:57,481 [Worker-21: Launching mavenrun-37d33b7a-b046-4f8d-af10-757ebf5a8612] INFO  o.eclipse.m2e.core.internal.Bundles - 	Entry: C:\sts-5.1.1.RELEASE\plugins\org.eclipse.m2e.maven.runtime_3.9.1200.20260112-2306\jars\maven-model-builder-3.9.12.jar
2026-05-29 15:54:57,481 [Worker-21: Launching mavenrun-37d33b7a-b046-4f8d-af10-757ebf5a8612] INFO  o.eclipse.m2e.core.internal.Bundles - 	Entry: C:\sts-5.1.1.RELEASE\plugins\org.eclipse.m2e.maven.runtime_3.9.1200.20260112-2306\jars\maven-plugin-api-3.9.12.jar
2026-05-29 15:54:57,481 [Worker-21: Launching mavenrun-37d33b7a-b046-4f8d-af10-757ebf5a8612] INFO  o.eclipse.m2e.core.internal.Bundles - 	Entry: C:\sts-5.1.1.RELEASE\plugins\org.eclipse.m2e.maven.runtime_3.9.1200.20260112-2306\jars\maven-repository-metadata-3.9.12.jar
2026-05-29 15:54:57,481 [Worker-21: Launching mavenrun-37d33b7a-b046-4f8d-af10-757ebf5a8612] INFO  o.eclipse.m2e.core.internal.Bundles - 	Entry: C:\sts-5.1.1.RELEASE\plugins\org.eclipse.m2e.maven.runtime_3.9.1200.20260112-2306\jars\maven-resolver-api-1.9.25.jar
2026-05-29 15:54:57,481 [Worker-21: Launching mavenrun-37d33b7a-b046-4f8d-af10-757ebf5a8612] INFO  o.eclipse.m2e.core.internal.Bundles - 	Entry: C:\sts-5.1.1.RELEASE\plugins\org.eclipse.m2e.maven.runtime_3.9.1200.20260112-2306\jars\maven-resolver-connector-basic-1.9.25.jar
2026-05-29 15:54:57,481 [Worker-21: Launching mavenrun-37d33b7a-b046-4f8d-af10-757ebf5a8612] INFO  o.eclipse.m2e.core.internal.Bundles - 	Entry: C:\sts-5.1.1.RELEASE\plugins\org.eclipse.m2e.maven.runtime_3.9.1200.20260112-2306\jars\maven-resolver-impl-1.9.25.jar
2026-05-29 15:54:57,482 [Worker-21: Launching mavenrun-37d33b7a-b046-4f8d-af10-757ebf5a8612] INFO  o.eclipse.m2e.core.internal.Bundles - 	Entry: C:\sts-5.1.1.RELEASE\plugins\org.eclipse.m2e.maven.runtime_3.9.1200.20260112-2306\jars\maven-resolver-named-locks-1.9.25.jar
2026-05-29 15:54:57,482 [Worker-21: Launching mavenrun-37d33b7a-b046-4f8d-af10-757ebf5a8612] INFO  o.eclipse.m2e.core.internal.Bundles - 	Entry: C:\sts-5.1.1.RELEASE\plugins\org.eclipse.m2e.maven.runtime_3.9.1200.20260112-2306\jars\maven-resolver-provider-3.9.12.jar
2026-05-29 15:54:57,482 [Worker-21: Launching mavenrun-37d33b7a-b046-4f8d-af10-757ebf5a8612] INFO  o.eclipse.m2e.core.internal.Bundles - 	Entry: C:\sts-5.1.1.RELEASE\plugins\org.eclipse.m2e.maven.runtime_3.9.1200.20260112-2306\jars\maven-resolver-spi-1.9.25.jar
2026-05-29 15:54:57,482 [Worker-21: Launching mavenrun-37d33b7a-b046-4f8d-af10-757ebf5a8612] INFO  o.eclipse.m2e.core.internal.Bundles - 	Entry: C:\sts-5.1.1.RELEASE\plugins\org.eclipse.m2e.maven.runtime_3.9.1200.20260112-2306\jars\maven-resolver-transport-file-1.9.25.jar
2026-05-29 15:54:57,482 [Worker-21: Launching mavenrun-37d33b7a-b046-4f8d-af10-757ebf5a8612] INFO  o.eclipse.m2e.core.internal.Bundles - 	Entry: C:\sts-5.1.1.RELEASE\plugins\org.eclipse.m2e.maven.runtime_3.9.1200.20260112-2306\jars\maven-resolver-transport-http-1.9.25.jar
2026-05-29 15:54:57,482 [Worker-21: Launching mavenrun-37d33b7a-b046-4f8d-af10-757ebf5a8612] INFO  o.eclipse.m2e.core.internal.Bundles - 	Entry: C:\sts-5.1.1.RELEASE\plugins\org.eclipse.m2e.maven.runtime_3.9.1200.20260112-2306\jars\maven-resolver-transport-wagon-1.9.25.jar
2026-05-29 15:54:57,482 [Worker-21: Launching mavenrun-37d33b7a-b046-4f8d-af10-757ebf5a8612] INFO  o.eclipse.m2e.core.internal.Bundles - 	Entry: C:\sts-5.1.1.RELEASE\plugins\org.eclipse.m2e.maven.runtime_3.9.1200.20260112-2306\jars\maven-resolver-util-1.9.25.jar
2026-05-29 15:54:57,482 [Worker-21: Launching mavenrun-37d33b7a-b046-4f8d-af10-757ebf5a8612] INFO  o.eclipse.m2e.core.internal.Bundles - 	Entry: C:\sts-5.1.1.RELEASE\plugins\org.eclipse.m2e.maven.runtime_3.9.1200.20260112-2306\jars\maven-settings-3.9.12.jar
2026-05-29 15:54:57,482 [Worker-21: Launching mavenrun-37d33b7a-b046-4f8d-af10-757ebf5a8612] INFO  o.eclipse.m2e.core.internal.Bundles - 	Entry: C:\sts-5.1.1.RELEASE\plugins\org.eclipse.m2e.maven.runtime_3.9.1200.20260112-2306\jars\maven-settings-builder-3.9.12.jar
2026-05-29 15:54:57,482 [Worker-21: Launching mavenrun-37d33b7a-b046-4f8d-af10-757ebf5a8612] INFO  o.eclipse.m2e.core.internal.Bundles - 	Entry: C:\sts-5.1.1.RELEASE\plugins\org.eclipse.m2e.maven.runtime_3.9.1200.20260112-2306\jars\maven-shared-utils-3.4.2.jar
2026-05-29 15:54:57,482 [Worker-21: Launching mavenrun-37d33b7a-b046-4f8d-af10-757ebf5a8612] INFO  o.eclipse.m2e.core.internal.Bundles - 	Entry: C:\sts-5.1.1.RELEASE\plugins\org.eclipse.m2e.maven.runtime_3.9.1200.20260112-2306\jars\org.eclipse.sisu.inject-0.9.0.M4.jar
2026-05-29 15:54:57,482 [Worker-21: Launching mavenrun-37d33b7a-b046-4f8d-af10-757ebf5a8612] INFO  o.eclipse.m2e.core.internal.Bundles - 	Entry: C:\sts-5.1.1.RELEASE\plugins\org.eclipse.m2e.maven.runtime_3.9.1200.20260112-2306\jars\org.eclipse.sisu.plexus-0.9.0.M4.jar
2026-05-29 15:54:57,482 [Worker-21: Launching mavenrun-37d33b7a-b046-4f8d-af10-757ebf5a8612] INFO  o.eclipse.m2e.core.internal.Bundles - 	Entry: C:\sts-5.1.1.RELEASE\plugins\org.eclipse.m2e.maven.runtime_3.9.1200.20260112-2306\jars\plexus-build-api-0.0.7.jar
2026-05-29 15:54:57,483 [Worker-21: Launching mavenrun-37d33b7a-b046-4f8d-af10-757ebf5a8612] INFO  o.eclipse.m2e.core.internal.Bundles - 	Entry: C:\sts-5.1.1.RELEASE\plugins\org.eclipse.m2e.maven.runtime_3.9.1200.20260112-2306\jars\plexus-build-api-1.2.0.jar
2026-05-29 15:54:57,483 [Worker-21: Launching mavenrun-37d33b7a-b046-4f8d-af10-757ebf5a8612] INFO  o.eclipse.m2e.core.internal.Bundles - 	Entry: C:\sts-5.1.1.RELEASE\plugins\org.eclipse.m2e.maven.runtime_3.9.1200.20260112-2306\jars\plexus-cipher-2.0.jar
2026-05-29 15:54:57,483 [Worker-21: Launching mavenrun-37d33b7a-b046-4f8d-af10-757ebf5a8612] INFO  o.eclipse.m2e.core.internal.Bundles - 	Entry: C:\sts-5.1.1.RELEASE\plugins\org.eclipse.m2e.maven.runtime_3.9.1200.20260112-2306\jars\plexus-classworlds-2.9.0.jar
2026-05-29 15:54:57,483 [Worker-21: Launching mavenrun-37d33b7a-b046-4f8d-af10-757ebf5a8612] INFO  o.eclipse.m2e.core.internal.Bundles - 	Entry: C:\sts-5.1.1.RELEASE\plugins\org.eclipse.m2e.maven.runtime_3.9.1200.20260112-2306\jars\plexus-component-annotations-2.2.0.jar
2026-05-29 15:54:57,483 [Worker-21: Launching mavenrun-37d33b7a-b046-4f8d-af10-757ebf5a8612] INFO  o.eclipse.m2e.core.internal.Bundles - 	Entry: C:\sts-5.1.1.RELEASE\plugins\org.eclipse.m2e.maven.runtime_3.9.1200.20260112-2306\jars\plexus-interpolation-1.29.jar
2026-05-29 15:54:57,483 [Worker-21: Launching mavenrun-37d33b7a-b046-4f8d-af10-757ebf5a8612] INFO  o.eclipse.m2e.core.internal.Bundles - 	Entry: C:\sts-5.1.1.RELEASE\plugins\org.eclipse.m2e.maven.runtime_3.9.1200.20260112-2306\jars\plexus-sec-dispatcher-2.0.jar
2026-05-29 15:54:57,483 [Worker-21: Launching mavenrun-37d33b7a-b046-4f8d-af10-757ebf5a8612] INFO  o.eclipse.m2e.core.internal.Bundles - 	Entry: C:\sts-5.1.1.RELEASE\plugins\org.eclipse.m2e.maven.runtime_3.9.1200.20260112-2306\jars\plexus-utils-3.6.0.jar
2026-05-29 15:54:57,483 [Worker-21: Launching mavenrun-37d33b7a-b046-4f8d-af10-757ebf5a8612] INFO  o.eclipse.m2e.core.internal.Bundles - 	Entry: C:\sts-5.1.1.RELEASE\plugins\org.eclipse.m2e.maven.runtime_3.9.1200.20260112-2306\jars\wagon-file-3.5.3.jar
2026-05-29 15:54:57,483 [Worker-21: Launching mavenrun-37d33b7a-b046-4f8d-af10-757ebf5a8612] INFO  o.eclipse.m2e.core.internal.Bundles - 	Entry: C:\sts-5.1.1.RELEASE\plugins\org.eclipse.m2e.maven.runtime_3.9.1200.20260112-2306\jars\wagon-http-3.5.3.jar
2026-05-29 15:54:57,483 [Worker-21: Launching mavenrun-37d33b7a-b046-4f8d-af10-757ebf5a8612] INFO  o.eclipse.m2e.core.internal.Bundles - 	Entry: C:\sts-5.1.1.RELEASE\plugins\org.eclipse.m2e.maven.runtime_3.9.1200.20260112-2306\jars\wagon-http-shared-3.5.3.jar
2026-05-29 15:54:57,483 [Worker-21: Launching mavenrun-37d33b7a-b046-4f8d-af10-757ebf5a8612] INFO  o.eclipse.m2e.core.internal.Bundles - 	Entry: C:\sts-5.1.1.RELEASE\plugins\org.eclipse.m2e.maven.runtime_3.9.1200.20260112-2306\jars\wagon-provider-api-3.5.3.jar
2026-05-29 15:54:57,483 [Worker-21: Launching mavenrun-37d33b7a-b046-4f8d-af10-757ebf5a8612] INFO  o.eclipse.m2e.core.internal.Bundles - getClasspathEntries(Bundle=com.google.guava_33.5.0.jre [31])
2026-05-29 15:54:57,484 [Worker-21: Launching mavenrun-37d33b7a-b046-4f8d-af10-757ebf5a8612] INFO  o.eclipse.m2e.core.internal.Bundles - 	Entry: C:\sts-5.1.1.RELEASE\plugins\com.google.guava_33.5.0.jre.jar
2026-05-29 15:54:57,484 [Worker-21: Launching mavenrun-37d33b7a-b046-4f8d-af10-757ebf5a8612] INFO  o.eclipse.m2e.core.internal.Bundles - getClasspathEntries(Bundle=slf4j.api_2.0.17 [620])
2026-05-29 15:54:57,484 [Worker-21: Launching mavenrun-37d33b7a-b046-4f8d-af10-757ebf5a8612] INFO  o.eclipse.m2e.core.internal.Bundles - 	Entry: C:\sts-5.1.1.RELEASE\plugins\slf4j.api_2.0.17.jar
2026-05-29 15:54:57,484 [Worker-21: Launching mavenrun-37d33b7a-b046-4f8d-af10-757ebf5a8612] INFO  o.eclipse.m2e.core.internal.Bundles - getClasspathEntries(Bundle=javax.inject_1.0.0.v20091030 [625])
2026-05-29 15:54:57,484 [Worker-21: Launching mavenrun-37d33b7a-b046-4f8d-af10-757ebf5a8612] INFO  o.eclipse.m2e.core.internal.Bundles - 	Entry: C:\sts-5.1.1.RELEASE\plugins\javax.inject_1.0.0.v20091030.jar
2026-05-29 15:54:57,484 [Worker-21: Launching mavenrun-37d33b7a-b046-4f8d-af10-757ebf5a8612] INFO  o.eclipse.m2e.core.internal.Bundles - getClasspathEntries(Bundle=javax.annotation_1.3.5.v20200909-1856 [624])
2026-05-29 15:54:57,485 [Worker-21: Launching mavenrun-37d33b7a-b046-4f8d-af10-757ebf5a8612] INFO  o.eclipse.m2e.core.internal.Bundles - 	Entry: C:\sts-5.1.1.RELEASE\plugins\javax.annotation_1.3.5.v20200909-1856.jar
2026-05-29 15:54:57,485 [Worker-21: Launching mavenrun-37d33b7a-b046-4f8d-af10-757ebf5a8612] INFO  o.eclipse.m2e.core.internal.Bundles - getClasspathEntries(Bundle=org.apache.commons.cli_1.11.0 [86])
2026-05-29 15:54:57,485 [Worker-21: Launching mavenrun-37d33b7a-b046-4f8d-af10-757ebf5a8612] INFO  o.eclipse.m2e.core.internal.Bundles - 	Entry: C:\sts-5.1.1.RELEASE\plugins\org.apache.commons.cli_1.11.0.jar
2026-05-29 15:54:57,485 [Worker-21: Launching mavenrun-37d33b7a-b046-4f8d-af10-757ebf5a8612] INFO  o.eclipse.m2e.core.internal.Bundles - getClasspathEntries(Bundle=org.apache.commons.commons-codec_1.21.0 [88])
2026-05-29 15:54:57,485 [Worker-21: Launching mavenrun-37d33b7a-b046-4f8d-af10-757ebf5a8612] INFO  o.eclipse.m2e.core.internal.Bundles - 	Entry: C:\sts-5.1.1.RELEASE\plugins\org.apache.commons.commons-codec_1.21.0.jar
2026-05-29 15:54:57,485 [Worker-21: Launching mavenrun-37d33b7a-b046-4f8d-af10-757ebf5a8612] INFO  o.eclipse.m2e.core.internal.Bundles - getClasspathEntries(Bundle=com.google.guava.failureaccess_1.0.3 [32])
2026-05-29 15:54:57,485 [Worker-21: Launching mavenrun-37d33b7a-b046-4f8d-af10-757ebf5a8612] INFO  o.eclipse.m2e.core.internal.Bundles - 	Entry: C:\sts-5.1.1.RELEASE\plugins\com.google.guava.failureaccess_1.0.3.jar
2026-05-29 15:54:57,486 [Worker-21: Launching mavenrun-37d33b7a-b046-4f8d-af10-757ebf5a8612] INFO  o.e.m.i.launch.MavenLaunchDelegate - Run build in "C:\Users\Hp\AppData\Local\Temp\m2e-archetypeGenerator10781374662314328155":
2026-05-29 15:54:57,486 [Worker-21: Launching mavenrun-37d33b7a-b046-4f8d-af10-757ebf5a8612] INFO  o.e.m.i.launch.MavenLaunchDelegate -  mvn  -DarchetypeGroupId=org.apache.maven.archetypes -DarchetypeArtifactId=maven-archetype-quickstart -DarchetypeVersion=1.1 -DgroupId=com.example -DartifactId=HibernateDemo1 -Dversion=0.0.1-SNAPSHOT -Dpackage=com.example.HibernateDemo1 -DoutputDirectory=C:\Users\Hp\Documents\workspace-spring-tools-for-eclipse-5.1.1.RELEASE -Dstyle.color=always -U archetype:generate
2026-05-29 15:55:04,617 [Worker-19: Creating maven-archetype-quickstart] INFO  o.e.m.c.i.p.ProjectConfigurationManager - Collecting project info '/pom.xml' C:\Users\Hp\Documents\workspace-spring-tools-for-eclipse-5.1.1.RELEASE\HibernateDemo1\pom.xml
2026-05-29 15:55:04,657 [Worker-19: Creating maven-archetype-quickstart] INFO  o.e.m.c.i.l.LifecycleMappingFactory - Using org.eclipse.m2e.jdt.JarLifecycleMapping lifecycle mapping for MavenProject: com.example:HibernateDemo1:0.0.1-SNAPSHOT @ C:\Users\Hp\Documents\workspace-spring-tools-for-eclipse-5.1.1.RELEASE\HibernateDemo1\pom.xml.
2026-05-29 15:55:04,797 [Worker-19: Creating maven-archetype-quickstart] INFO  o.e.m.j.i.AbstractJavaProjectConfigurator - Adding source folder /HibernateDemo1/src/main/java
2026-05-29 15:55:04,797 [Worker-19: Creating maven-archetype-quickstart] INFO  o.e.m.j.i.AbstractJavaProjectConfigurator - Adding resource folder /HibernateDemo1/src/main/resources
2026-05-29 15:55:04,800 [Worker-19: Creating maven-archetype-quickstart] INFO  o.e.m.j.i.AbstractJavaProjectConfigurator - Adding source folder /HibernateDemo1/src/test/java
2026-05-29 15:55:04,800 [Worker-19: Creating maven-archetype-quickstart] INFO  o.e.m.j.i.AbstractJavaProjectConfigurator - Adding resource folder /HibernateDemo1/src/test/resources
2026-05-29 15:55:04,880 [Worker-19: Creating maven-archetype-quickstart] WARN  o.apache.maven.project.MavenProject - Plugin is modifying compileSourceRoots through clear(), which will not work in Maven 4.0.0. Use MavenProject.addCompileSourceRoot()/removeCompileSourceRoot() methods instead. If using a plugin, please upgrade to the latest version or report the issue to the plugin maintainer. To disable these warnings, set -Dmaven.project.sourceRoots.warningsDisabled=true on the command line, in the .mvn/maven.config file, or in project POM properties.
2026-05-29 15:55:04,880 [Worker-19: Creating maven-archetype-quickstart] WARN  o.apache.maven.project.MavenProject - Plugin is modifying compileSourceRoots through add(), which will not work in Maven 4.0.0. Use MavenProject.addCompileSourceRoot()/removeCompileSourceRoot() methods instead. If using a plugin, please upgrade to the latest version or report the issue to the plugin maintainer. To disable these warnings, set -Dmaven.project.sourceRoots.warningsDisabled=true on the command line, in the .mvn/maven.config file, or in project POM properties.
2026-05-29 15:55:04,881 [Worker-19: Creating maven-archetype-quickstart] WARN  o.apache.maven.project.MavenProject - Plugin is modifying testCompileSourceRoots through clear(), which will not work in Maven 4.0.0. Use MavenProject.addTestCompileSourceRoot()/removeTestCompileSourceRoot() methods instead. If using a plugin, please upgrade to the latest version or report the issue to the plugin maintainer. To disable these warnings, set -Dmaven.project.sourceRoots.warningsDisabled=true on the command line, in the .mvn/maven.config file, or in project POM properties.
2026-05-29 15:55:04,881 [Worker-19: Creating maven-archetype-quickstart] WARN  o.apache.maven.project.MavenProject - Plugin is modifying testCompileSourceRoots through add(), which will not work in Maven 4.0.0. Use MavenProject.addTestCompileSourceRoot()/removeTestCompileSourceRoot() methods instead. If using a plugin, please upgrade to the latest version or report the issue to the plugin maintainer. To disable these warnings, set -Dmaven.project.sourceRoots.warningsDisabled=true on the command line, in the .mvn/maven.config file, or in project POM properties.
2026-05-29 15:55:04,887 [Worker-19: Creating maven-archetype-quickstart] INFO  o.e.m.c.i.p.ProjectConfigurationManager - Imported and configured 1 project(s) in 0 sec
2026-05-29 15:55:05,117 [Worker-18: Building] INFO  o.a.m.s.f.DefaultMavenResourcesFiltering - skip non existing resourceDirectory C:\Users\Hp\Documents\workspace-spring-tools-for-eclipse-5.1.1.RELEASE\HibernateDemo1\src\main\resources
2026-05-29 15:55:05,119 [Worker-18: Building] INFO  o.a.m.s.f.DefaultMavenResourcesFiltering - skip non existing resourceDirectory C:\Users\Hp\Documents\workspace-spring-tools-for-eclipse-5.1.1.RELEASE\HibernateDemo1\src\test\resources
2026-05-29 15:55:05,133 [Worker-18: Building] WARN  o.apache.maven.project.MavenProject - Plugin is modifying compileSourceRoots through clear(), which will not work in Maven 4.0.0. Use MavenProject.addCompileSourceRoot()/removeCompileSourceRoot() methods instead. If using a plugin, please upgrade to the latest version or report the issue to the plugin maintainer. To disable these warnings, set -Dmaven.project.sourceRoots.warningsDisabled=true on the command line, in the .mvn/maven.config file, or in project POM properties.
2026-05-29 15:55:05,134 [Worker-18: Building] WARN  o.apache.maven.project.MavenProject - Plugin is modifying compileSourceRoots through add(), which will not work in Maven 4.0.0. Use MavenProject.addCompileSourceRoot()/removeCompileSourceRoot() methods instead. If using a plugin, please upgrade to the latest version or report the issue to the plugin maintainer. To disable these warnings, set -Dmaven.project.sourceRoots.warningsDisabled=true on the command line, in the .mvn/maven.config file, or in project POM properties.
2026-05-29 15:55:05,134 [Worker-18: Building] WARN  o.apache.maven.project.MavenProject - Plugin is modifying testCompileSourceRoots through clear(), which will not work in Maven 4.0.0. Use MavenProject.addTestCompileSourceRoot()/removeTestCompileSourceRoot() methods instead. If using a plugin, please upgrade to the latest version or report the issue to the plugin maintainer. To disable these warnings, set -Dmaven.project.sourceRoots.warningsDisabled=true on the command line, in the .mvn/maven.config file, or in project POM properties.
2026-05-29 15:55:05,135 [Worker-18: Building] WARN  o.apache.maven.project.MavenProject - Plugin is modifying testCompileSourceRoots through add(), which will not work in Maven 4.0.0. Use MavenProject.addTestCompileSourceRoot()/removeTestCompileSourceRoot() methods instead. If using a plugin, please upgrade to the latest version or report the issue to the plugin maintainer. To disable these warnings, set -Dmaven.project.sourceRoots.warningsDisabled=true on the command line, in the .mvn/maven.config file, or in project POM properties.
2026-05-29 15:55:05,882 [Worker-16: Download sources and javadoc] INFO  o.e.m.c.i.e.AbstractTransferListenerAdapter - Downloading https://repo.maven.apache.org/maven2/junit/junit/3.8.1/junit-3.8.1-sources.jar
2026-05-29 15:55:05,936 [Worker-16: Download sources and javadoc] INFO  o.e.m.c.i.e.AbstractTransferListenerAdapter - Downloaded https://repo.maven.apache.org/maven2/junit/junit/3.8.1/junit-3.8.1-sources.jar
2026-05-29 15:55:05,939 [Worker-16: Download sources and javadoc] INFO  o.e.m.j.internal.DownloadSourcesJob - Downloaded sources for junit:junit:3.8.1
2026-05-29 16:00:29,716 [Worker-30: Building] INFO  o.e.m.c.i.l.LifecycleMappingFactory - Using org.eclipse.m2e.jdt.JarLifecycleMapping lifecycle mapping for MavenProject: com.example:HibernateDemo1:0.0.1-SNAPSHOT @ C:\Users\Hp\Documents\workspace-spring-tools-for-eclipse-5.1.1.RELEASE\HibernateDemo1\pom.xml.
2026-05-29 16:00:29,810 [Worker-30: Building] INFO  o.e.m.c.i.e.AbstractTransferListenerAdapter - Downloading https://repo.maven.apache.org/maven2/org/hibernate/hibernate-core/6.5.2.Final/hibernate-core-6.5.2.Final.pom
2026-05-29 16:00:29,819 [Worker-30: Building] INFO  o.e.m.c.i.e.AbstractTransferListenerAdapter - Downloaded https://repo.maven.apache.org/maven2/org/hibernate/hibernate-core/6.5.2.Final/hibernate-core-6.5.2.Final.pom
2026-05-29 16:00:29,862 [Worker-30: Building] INFO  o.e.m.c.i.e.AbstractTransferListenerAdapter - Downloading https://repo.maven.apache.org/maven2/org/hibernate/orm/hibernate-core/6.5.2.Final/hibernate-core-6.5.2.Final.pom
2026-05-29 16:00:29,865 [Worker-30: Building] INFO  o.e.m.c.i.e.AbstractTransferListenerAdapter - Downloaded https://repo.maven.apache.org/maven2/org/hibernate/orm/hibernate-core/6.5.2.Final/hibernate-core-6.5.2.Final.pom
2026-05-29 16:00:29,928 [Worker-30: Building] INFO  o.e.m.c.i.e.AbstractTransferListenerAdapter - Downloading https://repo.maven.apache.org/maven2/net/bytebuddy/byte-buddy/1.14.15/byte-buddy-1.14.15.pom
2026-05-29 16:00:29,932 [Worker-30: Building] INFO  o.e.m.c.i.e.AbstractTransferListenerAdapter - Downloaded https://repo.maven.apache.org/maven2/net/bytebuddy/byte-buddy/1.14.15/byte-buddy-1.14.15.pom
2026-05-29 16:00:29,974 [Worker-30: Building] INFO  o.e.m.c.i.e.AbstractTransferListenerAdapter - Downloading https://repo.maven.apache.org/maven2/net/bytebuddy/byte-buddy-parent/1.14.15/byte-buddy-parent-1.14.15.pom
2026-05-29 16:00:29,978 [Worker-30: Building] INFO  o.e.m.c.i.e.AbstractTransferListenerAdapter - Downloaded https://repo.maven.apache.org/maven2/net/bytebuddy/byte-buddy-parent/1.14.15/byte-buddy-parent-1.14.15.pom
2026-05-29 16:00:30,035 [Worker-30: Building] INFO  o.e.m.c.i.e.AbstractTransferListenerAdapter - Downloaded https://repo.maven.apache.org/maven2/mysql/mysql-connector-j/8.4.0/mysql-connector-j-8.4.0.pom
2026-05-29 16:00:30,037 [Worker-30: Building] WARN  o.e.m.c.i.embedder.EclipseLogger - The POM for mysql:mysql-connector-j:jar:8.4.0 is missing, no dependency information available
2026-05-29 16:00:30,038 [Worker-30: Building] WARN  o.e.m.c.i.embedder.EclipseLogger - The artifact org.hibernate:hibernate-core:jar:6.5.2.Final has been relocated to org.hibernate.orm:hibernate-core:jar:6.5.2.Final
2026-05-29 16:00:30,080 [BasicRepositoryConnector-repo.maven.apache.org-2-0] INFO  o.e.m.c.i.e.AbstractTransferListenerAdapter - Downloading https://repo.maven.apache.org/maven2/org/hibernate/orm/hibernate-core/6.5.2.Final/hibernate-core-6.5.2.Final.jar
2026-05-29 16:00:30,116 [BasicRepositoryConnector-repo.maven.apache.org-2-1] INFO  o.e.m.c.i.e.AbstractTransferListenerAdapter - Downloading https://repo.maven.apache.org/maven2/net/bytebuddy/byte-buddy/1.14.15/byte-buddy-1.14.15.jar
2026-05-29 16:00:30,127 [BasicRepositoryConnector-repo.maven.apache.org-2-2] INFO  o.e.m.c.i.e.AbstractTransferListenerAdapter - Downloaded https://repo.maven.apache.org/maven2/mysql/mysql-connector-j/8.4.0/mysql-connector-j-8.4.0.jar
2026-05-29 16:00:30,420 [BasicRepositoryConnector-repo.maven.apache.org-2-0] INFO  o.e.m.c.i.e.AbstractTransferListenerAdapter - Downloaded https://repo.maven.apache.org/maven2/org/hibernate/orm/hibernate-core/6.5.2.Final/hibernate-core-6.5.2.Final.jar
2026-05-29 16:00:30,875 [BasicRepositoryConnector-repo.maven.apache.org-2-1] INFO  o.e.m.c.i.e.AbstractTransferListenerAdapter - Downloaded https://repo.maven.apache.org/maven2/net/bytebuddy/byte-buddy/1.14.15/byte-buddy-1.14.15.jar
2026-05-29 16:00:30,915 [Worker-30: Building] INFO  o.a.m.s.f.DefaultMavenResourcesFiltering - skip non existing resourceDirectory C:\Users\Hp\Documents\workspace-spring-tools-for-eclipse-5.1.1.RELEASE\HibernateDemo1\src\main\resources
2026-05-29 16:00:30,916 [Worker-30: Building] INFO  o.a.m.s.f.DefaultMavenResourcesFiltering - skip non existing resourceDirectory C:\Users\Hp\Documents\workspace-spring-tools-for-eclipse-5.1.1.RELEASE\HibernateDemo1\src\test\resources
2026-05-29 16:00:30,922 [Worker-30: Building] WARN  o.apache.maven.project.MavenProject - Plugin is modifying compileSourceRoots through clear(), which will not work in Maven 4.0.0. Use MavenProject.addCompileSourceRoot()/removeCompileSourceRoot() methods instead. If using a plugin, please upgrade to the latest version or report the issue to the plugin maintainer. To disable these warnings, set -Dmaven.project.sourceRoots.warningsDisabled=true on the command line, in the .mvn/maven.config file, or in project POM properties.
2026-05-29 16:00:30,922 [Worker-30: Building] WARN  o.apache.maven.project.MavenProject - Plugin is modifying compileSourceRoots through add(), which will not work in Maven 4.0.0. Use MavenProject.addCompileSourceRoot()/removeCompileSourceRoot() methods instead. If using a plugin, please upgrade to the latest version or report the issue to the plugin maintainer. To disable these warnings, set -Dmaven.project.sourceRoots.warningsDisabled=true on the command line, in the .mvn/maven.config file, or in project POM properties.
2026-05-29 16:00:30,923 [Worker-30: Building] WARN  o.apache.maven.project.MavenProject - Plugin is modifying testCompileSourceRoots through clear(), which will not work in Maven 4.0.0. Use MavenProject.addTestCompileSourceRoot()/removeTestCompileSourceRoot() methods instead. If using a plugin, please upgrade to the latest version or report the issue to the plugin maintainer. To disable these warnings, set -Dmaven.project.sourceRoots.warningsDisabled=true on the command line, in the .mvn/maven.config file, or in project POM properties.
2026-05-29 16:00:30,923 [Worker-30: Building] WARN  o.apache.maven.project.MavenProject - Plugin is modifying testCompileSourceRoots through add(), which will not work in Maven 4.0.0. Use MavenProject.addTestCompileSourceRoot()/removeTestCompileSourceRoot() methods instead. If using a plugin, please upgrade to the latest version or report the issue to the plugin maintainer. To disable these warnings, set -Dmaven.project.sourceRoots.warningsDisabled=true on the command line, in the .mvn/maven.config file, or in project POM properties.
2026-05-29 16:00:31,974 [Worker-32: Download sources and javadoc] INFO  o.e.m.c.i.e.AbstractTransferListenerAdapter - Downloading https://repo.maven.apache.org/maven2/org/hibernate/orm/hibernate-core/6.5.2.Final/hibernate-core-6.5.2.Final-sources.jar
2026-05-29 16:00:32,184 [Worker-32: Download sources and javadoc] INFO  o.e.m.c.i.e.AbstractTransferListenerAdapter - Downloaded https://repo.maven.apache.org/maven2/org/hibernate/orm/hibernate-core/6.5.2.Final/hibernate-core-6.5.2.Final-sources.jar
2026-05-29 16:00:32,186 [Worker-32: Download sources and javadoc] INFO  o.e.m.j.internal.DownloadSourcesJob - Downloaded sources for org.hibernate.orm:hibernate-core:6.5.2.Final
2026-05-29 16:00:32,266 [Worker-32: Download sources and javadoc] INFO  o.e.m.c.i.e.AbstractTransferListenerAdapter - Downloading https://repo.maven.apache.org/maven2/net/bytebuddy/byte-buddy/1.14.15/byte-buddy-1.14.15-sources.jar
2026-05-29 16:00:32,388 [Worker-32: Download sources and javadoc] INFO  o.e.m.c.i.e.AbstractTransferListenerAdapter - Downloaded https://repo.maven.apache.org/maven2/net/bytebuddy/byte-buddy/1.14.15/byte-buddy-1.14.15-sources.jar
2026-05-29 16:00:32,390 [Worker-32: Download sources and javadoc] INFO  o.e.m.j.internal.DownloadSourcesJob - Downloaded sources for net.bytebuddy:byte-buddy:1.14.15
2026-05-29 16:00:32,675 [Worker-32: Download sources and javadoc] INFO  o.e.m.c.i.e.AbstractTransferListenerAdapter - Downloaded https://repo.maven.apache.org/maven2/mysql/mysql-connector-j/8.4.0/mysql-connector-j-8.4.0-sources.jar
2026-05-29 16:00:32,680 [Worker-32: Download sources and javadoc] ERROR o.e.m.j.internal.DownloadSourcesJob - Could not download sources for mysql:mysql-connector-j:8.4.0
org.eclipse.core.runtime.CoreException: Could not resolve artifact mysql:mysql-connector-j:jar:sources:8.4.0
	at org.eclipse.m2e.core.internal.embedder.MavenImpl.lambda$7(MavenImpl.java:581)
	at org.eclipse.m2e.core.internal.embedder.MavenExecutionContext.executeBare(MavenExecutionContext.java:462)
	at org.eclipse.m2e.core.internal.embedder.MavenExecutionContext.execute(MavenExecutionContext.java:295)
	at org.eclipse.m2e.core.internal.embedder.MavenExecutionContext.execute(MavenExecutionContext.java:281)
	at org.eclipse.m2e.core.internal.embedder.MavenImpl.resolve(MavenImpl.java:550)
	at org.eclipse.m2e.core.internal.embedder.MavenImpl.resolve(MavenImpl.java:535)
	at org.eclipse.m2e.jdt.internal.DownloadSourcesJob.download(DownloadSourcesJob.java:308)
	at org.eclipse.m2e.jdt.internal.DownloadSourcesJob.downloadAttachments(DownloadSourcesJob.java:282)
	at org.eclipse.m2e.jdt.internal.DownloadSourcesJob.downloadMaven(DownloadSourcesJob.java:252)
	at org.eclipse.m2e.jdt.internal.DownloadSourcesJob.downloadFilesAndPopulateToUpdate(DownloadSourcesJob.java:220)
	at org.eclipse.m2e.jdt.internal.DownloadSourcesJob.lambda$0(DownloadSourcesJob.java:149)
	at org.eclipse.m2e.core.internal.embedder.MavenExecutionContext.executeBare(MavenExecutionContext.java:462)
	at org.eclipse.m2e.core.internal.embedder.MavenExecutionContext.execute(MavenExecutionContext.java:342)
	at org.eclipse.m2e.core.internal.embedder.MavenExecutionContext.execute(MavenExecutionContext.java:281)
	at org.eclipse.m2e.core.embedder.IMaven.execute(IMaven.java:300)
	at org.eclipse.m2e.jdt.internal.DownloadSourcesJob.run(DownloadSourcesJob.java:149)
	at org.eclipse.core.internal.jobs.Worker.run(Worker.java:63)
2026-05-29 16:01:50,824 [Worker-27: Building] INFO  o.e.m.c.i.l.LifecycleMappingFactory - Using org.eclipse.m2e.jdt.JarLifecycleMapping lifecycle mapping for MavenProject: com.example:HibernateDemo1:0.0.1-SNAPSHOT @ C:\Users\Hp\Documents\workspace-spring-tools-for-eclipse-5.1.1.RELEASE\HibernateDemo1\pom.xml.
2026-05-29 16:01:50,942 [Worker-27: Building] INFO  o.e.m.c.i.e.AbstractTransferListenerAdapter - Downloaded https://repo.maven.apache.org/maven2/mysql/mysql-connector-j/8.0.33/mysql-connector-j-8.0.33.pom
2026-05-29 16:01:50,943 [Worker-27: Building] WARN  o.e.m.c.i.embedder.EclipseLogger - The POM for mysql:mysql-connector-j:jar:8.0.33 is missing, no dependency information available
2026-05-29 16:01:50,944 [Worker-27: Building] WARN  o.e.m.c.i.embedder.EclipseLogger - The artifact org.hibernate:hibernate-core:jar:6.5.2.Final has been relocated to org.hibernate.orm:hibernate-core:jar:6.5.2.Final
2026-05-29 16:01:50,984 [Worker-27: Building] INFO  o.e.m.c.i.e.AbstractTransferListenerAdapter - Downloaded https://repo.maven.apache.org/maven2/mysql/mysql-connector-j/8.0.33/mysql-connector-j-8.0.33.jar
2026-05-29 16:01:51,016 [Worker-27: Building] INFO  o.a.m.s.f.DefaultMavenResourcesFiltering - skip non existing resourceDirectory C:\Users\Hp\Documents\workspace-spring-tools-for-eclipse-5.1.1.RELEASE\HibernateDemo1\src\main\resources
2026-05-29 16:01:51,017 [Worker-27: Building] INFO  o.a.m.s.f.DefaultMavenResourcesFiltering - skip non existing resourceDirectory C:\Users\Hp\Documents\workspace-spring-tools-for-eclipse-5.1.1.RELEASE\HibernateDemo1\src\test\resources
2026-05-29 16:01:51,022 [Worker-27: Building] WARN  o.apache.maven.project.MavenProject - Plugin is modifying compileSourceRoots through clear(), which will not work in Maven 4.0.0. Use MavenProject.addCompileSourceRoot()/removeCompileSourceRoot() methods instead. If using a plugin, please upgrade to the latest version or report the issue to the plugin maintainer. To disable these warnings, set -Dmaven.project.sourceRoots.warningsDisabled=true on the command line, in the .mvn/maven.config file, or in project POM properties.
2026-05-29 16:01:51,023 [Worker-27: Building] WARN  o.apache.maven.project.MavenProject - Plugin is modifying compileSourceRoots through add(), which will not work in Maven 4.0.0. Use MavenProject.addCompileSourceRoot()/removeCompileSourceRoot() methods instead. If using a plugin, please upgrade to the latest version or report the issue to the plugin maintainer. To disable these warnings, set -Dmaven.project.sourceRoots.warningsDisabled=true on the command line, in the .mvn/maven.config file, or in project POM properties.
2026-05-29 16:01:51,023 [Worker-27: Building] WARN  o.apache.maven.project.MavenProject - Plugin is modifying testCompileSourceRoots through clear(), which will not work in Maven 4.0.0. Use MavenProject.addTestCompileSourceRoot()/removeTestCompileSourceRoot() methods instead. If using a plugin, please upgrade to the latest version or report the issue to the plugin maintainer. To disable these warnings, set -Dmaven.project.sourceRoots.warningsDisabled=true on the command line, in the .mvn/maven.config file, or in project POM properties.
2026-05-29 16:01:51,023 [Worker-27: Building] WARN  o.apache.maven.project.MavenProject - Plugin is modifying testCompileSourceRoots through add(), which will not work in Maven 4.0.0. Use MavenProject.addTestCompileSourceRoot()/removeTestCompileSourceRoot() methods instead. If using a plugin, please upgrade to the latest version or report the issue to the plugin maintainer. To disable these warnings, set -Dmaven.project.sourceRoots.warningsDisabled=true on the command line, in the .mvn/maven.config file, or in project POM properties.
2026-05-29 16:01:52,185 [Worker-24: Download sources and javadoc] INFO  o.e.m.c.i.e.AbstractTransferListenerAdapter - Downloaded https://repo.maven.apache.org/maven2/mysql/mysql-connector-j/8.0.33/mysql-connector-j-8.0.33-sources.jar
2026-05-29 16:01:52,186 [Worker-24: Download sources and javadoc] ERROR o.e.m.j.internal.DownloadSourcesJob - Could not download sources for mysql:mysql-connector-j:8.0.33
org.eclipse.core.runtime.CoreException: Could not resolve artifact mysql:mysql-connector-j:jar:sources:8.0.33
	at org.eclipse.m2e.core.internal.embedder.MavenImpl.lambda$7(MavenImpl.java:581)
	at org.eclipse.m2e.core.internal.embedder.MavenExecutionContext.executeBare(MavenExecutionContext.java:462)
	at org.eclipse.m2e.core.internal.embedder.MavenExecutionContext.execute(MavenExecutionContext.java:295)
	at org.eclipse.m2e.core.internal.embedder.MavenExecutionContext.execute(MavenExecutionContext.java:281)
	at org.eclipse.m2e.core.internal.embedder.MavenImpl.resolve(MavenImpl.java:550)
	at org.eclipse.m2e.core.internal.embedder.MavenImpl.resolve(MavenImpl.java:535)
	at org.eclipse.m2e.jdt.internal.DownloadSourcesJob.download(DownloadSourcesJob.java:308)
	at org.eclipse.m2e.jdt.internal.DownloadSourcesJob.downloadAttachments(DownloadSourcesJob.java:282)
	at org.eclipse.m2e.jdt.internal.DownloadSourcesJob.downloadMaven(DownloadSourcesJob.java:252)
	at org.eclipse.m2e.jdt.internal.DownloadSourcesJob.downloadFilesAndPopulateToUpdate(DownloadSourcesJob.java:220)
	at org.eclipse.m2e.jdt.internal.DownloadSourcesJob.lambda$0(DownloadSourcesJob.java:149)
	at org.eclipse.m2e.core.internal.embedder.MavenExecutionContext.executeBare(MavenExecutionContext.java:462)
	at org.eclipse.m2e.core.internal.embedder.MavenExecutionContext.execute(MavenExecutionContext.java:342)
	at org.eclipse.m2e.core.internal.embedder.MavenExecutionContext.execute(MavenExecutionContext.java:281)
	at org.eclipse.m2e.core.embedder.IMaven.execute(IMaven.java:300)
	at org.eclipse.m2e.jdt.internal.DownloadSourcesJob.run(DownloadSourcesJob.java:149)
	at org.eclipse.core.internal.jobs.Worker.run(Worker.java:63)
2026-05-29 16:02:23,272 [Worker-27: Updating Maven Project] INFO  o.e.m.c.i.p.ProjectConfigurationManager - Update started
2026-05-29 16:02:23,292 [Worker-27: Updating Maven Project] INFO  o.e.m.c.i.l.LifecycleMappingFactory - Using org.eclipse.m2e.jdt.JarLifecycleMapping lifecycle mapping for MavenProject: com.example:HibernateDemo1:0.0.1-SNAPSHOT @ C:\Users\Hp\Documents\workspace-spring-tools-for-eclipse-5.1.1.RELEASE\HibernateDemo1\pom.xml.
2026-05-29 16:02:23,316 [Worker-27: Updating Maven Project] WARN  o.e.m.c.i.embedder.EclipseLogger - The POM for mysql:mysql-connector-j:jar:8.0.33 is missing, no dependency information available
2026-05-29 16:02:23,317 [Worker-27: Updating Maven Project] WARN  o.e.m.c.i.embedder.EclipseLogger - The artifact org.hibernate:hibernate-core:jar:6.5.2.Final has been relocated to org.hibernate.orm:hibernate-core:jar:6.5.2.Final
2026-05-29 16:02:23,357 [Worker-27: Updating Maven Project] INFO  o.e.m.j.i.AbstractJavaProjectConfigurator - Adding source folder /HibernateDemo1/src/main/java
2026-05-29 16:02:23,357 [Worker-27: Updating Maven Project] INFO  o.e.m.j.i.AbstractJavaProjectConfigurator - Adding resource folder /HibernateDemo1/src/main/resources
2026-05-29 16:02:23,358 [Worker-27: Updating Maven Project] INFO  o.e.m.j.i.AbstractJavaProjectConfigurator - Adding source folder /HibernateDemo1/src/test/java
2026-05-29 16:02:23,358 [Worker-27: Updating Maven Project] INFO  o.e.m.j.i.AbstractJavaProjectConfigurator - Adding resource folder /HibernateDemo1/src/test/resources
2026-05-29 16:02:23,388 [Worker-27: Updating Maven Project] WARN  o.apache.maven.project.MavenProject - Plugin is modifying compileSourceRoots through clear(), which will not work in Maven 4.0.0. Use MavenProject.addCompileSourceRoot()/removeCompileSourceRoot() methods instead. If using a plugin, please upgrade to the latest version or report the issue to the plugin maintainer. To disable these warnings, set -Dmaven.project.sourceRoots.warningsDisabled=true on the command line, in the .mvn/maven.config file, or in project POM properties.
2026-05-29 16:02:23,388 [Worker-27: Updating Maven Project] WARN  o.apache.maven.project.MavenProject - Plugin is modifying compileSourceRoots through add(), which will not work in Maven 4.0.0. Use MavenProject.addCompileSourceRoot()/removeCompileSourceRoot() methods instead. If using a plugin, please upgrade to the latest version or report the issue to the plugin maintainer. To disable these warnings, set -Dmaven.project.sourceRoots.warningsDisabled=true on the command line, in the .mvn/maven.config file, or in project POM properties.
2026-05-29 16:02:23,389 [Worker-27: Updating Maven Project] WARN  o.apache.maven.project.MavenProject - Plugin is modifying testCompileSourceRoots through clear(), which will not work in Maven 4.0.0. Use MavenProject.addTestCompileSourceRoot()/removeTestCompileSourceRoot() methods instead. If using a plugin, please upgrade to the latest version or report the issue to the plugin maintainer. To disable these warnings, set -Dmaven.project.sourceRoots.warningsDisabled=true on the command line, in the .mvn/maven.config file, or in project POM properties.
2026-05-29 16:02:23,389 [Worker-27: Updating Maven Project] WARN  o.apache.maven.project.MavenProject - Plugin is modifying testCompileSourceRoots through add(), which will not work in Maven 4.0.0. Use MavenProject.addTestCompileSourceRoot()/removeTestCompileSourceRoot() methods instead. If using a plugin, please upgrade to the latest version or report the issue to the plugin maintainer. To disable these warnings, set -Dmaven.project.sourceRoots.warningsDisabled=true on the command line, in the .mvn/maven.config file, or in project POM properties.
2026-05-29 16:02:23,414 [Worker-27: Updating Maven Project] INFO  o.e.m.c.i.p.ProjectConfigurationManager - Update completed for 1 poms: local refresh takes 0.00 sec, refresh facades takes 0.00 sec, update config takes 0.00 sec 
2026-05-29 16:02:23,521 [Worker-32: Building] INFO  o.a.m.s.f.DefaultMavenResourcesFiltering - skip non existing resourceDirectory C:\Users\Hp\Documents\workspace-spring-tools-for-eclipse-5.1.1.RELEASE\HibernateDemo1\src\main\resources
2026-05-29 16:02:23,522 [Worker-32: Building] INFO  o.a.m.s.f.DefaultMavenResourcesFiltering - skip non existing resourceDirectory C:\Users\Hp\Documents\workspace-spring-tools-for-eclipse-5.1.1.RELEASE\HibernateDemo1\src\test\resources
2026-05-29 16:02:23,528 [Worker-32: Building] WARN  o.apache.maven.project.MavenProject - Plugin is modifying compileSourceRoots through clear(), which will not work in Maven 4.0.0. Use MavenProject.addCompileSourceRoot()/removeCompileSourceRoot() methods instead. If using a plugin, please upgrade to the latest version or report the issue to the plugin maintainer. To disable these warnings, set -Dmaven.project.sourceRoots.warningsDisabled=true on the command line, in the .mvn/maven.config file, or in project POM properties.
2026-05-29 16:02:23,528 [Worker-32: Building] WARN  o.apache.maven.project.MavenProject - Plugin is modifying compileSourceRoots through add(), which will not work in Maven 4.0.0. Use MavenProject.addCompileSourceRoot()/removeCompileSourceRoot() methods instead. If using a plugin, please upgrade to the latest version or report the issue to the plugin maintainer. To disable these warnings, set -Dmaven.project.sourceRoots.warningsDisabled=true on the command line, in the .mvn/maven.config file, or in project POM properties.
2026-05-29 16:02:23,529 [Worker-32: Building] WARN  o.apache.maven.project.MavenProject - Plugin is modifying testCompileSourceRoots through clear(), which will not work in Maven 4.0.0. Use MavenProject.addTestCompileSourceRoot()/removeTestCompileSourceRoot() methods instead. If using a plugin, please upgrade to the latest version or report the issue to the plugin maintainer. To disable these warnings, set -Dmaven.project.sourceRoots.warningsDisabled=true on the command line, in the .mvn/maven.config file, or in project POM properties.
2026-05-29 16:02:23,529 [Worker-32: Building] WARN  o.apache.maven.project.MavenProject - Plugin is modifying testCompileSourceRoots through add(), which will not work in Maven 4.0.0. Use MavenProject.addTestCompileSourceRoot()/removeTestCompileSourceRoot() methods instead. If using a plugin, please upgrade to the latest version or report the issue to the plugin maintainer. To disable these warnings, set -Dmaven.project.sourceRoots.warningsDisabled=true on the command line, in the .mvn/maven.config file, or in project POM properties.
2026-05-29 16:02:30,041 [Worker-29: Download sources and javadoc] INFO  o.e.m.c.i.e.AbstractTransferListenerAdapter - Downloaded https://repo.maven.apache.org/maven2/mysql/mysql-connector-j/8.0.33/mysql-connector-j-8.0.33-javadoc.jar
2026-05-29 16:02:30,045 [Worker-29: Download sources and javadoc] ERROR o.e.m.j.internal.DownloadSourcesJob - Could not download javadoc for mysql:mysql-connector-j:8.0.33
org.eclipse.core.runtime.CoreException: Could not resolve artifact mysql:mysql-connector-j:jar:javadoc:8.0.33
	at org.eclipse.m2e.core.internal.embedder.MavenImpl.lambda$7(MavenImpl.java:581)
	at org.eclipse.m2e.core.internal.embedder.MavenExecutionContext.executeBare(MavenExecutionContext.java:462)
	at org.eclipse.m2e.core.internal.embedder.MavenExecutionContext.execute(MavenExecutionContext.java:295)
	at org.eclipse.m2e.core.internal.embedder.MavenExecutionContext.execute(MavenExecutionContext.java:281)
	at org.eclipse.m2e.core.internal.embedder.MavenImpl.resolve(MavenImpl.java:550)
	at org.eclipse.m2e.core.internal.embedder.MavenImpl.resolve(MavenImpl.java:535)
	at org.eclipse.m2e.jdt.internal.DownloadSourcesJob.download(DownloadSourcesJob.java:308)
	at org.eclipse.m2e.jdt.internal.DownloadSourcesJob.downloadAttachments(DownloadSourcesJob.java:294)
	at org.eclipse.m2e.jdt.internal.DownloadSourcesJob.downloadMaven(DownloadSourcesJob.java:252)
	at org.eclipse.m2e.jdt.internal.DownloadSourcesJob.downloadFilesAndPopulateToUpdate(DownloadSourcesJob.java:220)
	at org.eclipse.m2e.jdt.internal.DownloadSourcesJob.lambda$0(DownloadSourcesJob.java:149)
	at org.eclipse.m2e.core.internal.embedder.MavenExecutionContext.executeBare(MavenExecutionContext.java:462)
	at org.eclipse.m2e.core.internal.embedder.MavenExecutionContext.execute(MavenExecutionContext.java:342)
	at org.eclipse.m2e.core.internal.embedder.MavenExecutionContext.execute(MavenExecutionContext.java:281)
	at org.eclipse.m2e.core.embedder.IMaven.execute(IMaven.java:300)
	at org.eclipse.m2e.jdt.internal.DownloadSourcesJob.run(DownloadSourcesJob.java:149)
	at org.eclipse.core.internal.jobs.Worker.run(Worker.java:63)
2026-05-29 16:03:08,561 [Worker-27: Building] INFO  o.e.m.c.i.l.LifecycleMappingFactory - Using org.eclipse.m2e.jdt.JarLifecycleMapping lifecycle mapping for MavenProject: com.example:HibernateDemo1:0.0.1-SNAPSHOT @ C:\Users\Hp\Documents\workspace-spring-tools-for-eclipse-5.1.1.RELEASE\HibernateDemo1\pom.xml.
2026-05-29 16:03:08,660 [Worker-27: Building] INFO  o.e.m.c.i.e.AbstractTransferListenerAdapter - Downloading https://repo.maven.apache.org/maven2/com/google/protobuf/protobuf-java/3.21.9/protobuf-java-3.21.9.pom
2026-05-29 16:03:08,664 [Worker-27: Building] INFO  o.e.m.c.i.e.AbstractTransferListenerAdapter - Downloaded https://repo.maven.apache.org/maven2/com/google/protobuf/protobuf-java/3.21.9/protobuf-java-3.21.9.pom
2026-05-29 16:03:08,698 [Worker-27: Building] INFO  o.e.m.c.i.e.AbstractTransferListenerAdapter - Downloading https://repo.maven.apache.org/maven2/com/google/protobuf/protobuf-parent/3.21.9/protobuf-parent-3.21.9.pom
2026-05-29 16:03:08,726 [Worker-27: Building] INFO  o.e.m.c.i.e.AbstractTransferListenerAdapter - Downloaded https://repo.maven.apache.org/maven2/com/google/protobuf/protobuf-parent/3.21.9/protobuf-parent-3.21.9.pom
2026-05-29 16:03:08,759 [Worker-27: Building] INFO  o.e.m.c.i.e.AbstractTransferListenerAdapter - Downloading https://repo.maven.apache.org/maven2/com/google/protobuf/protobuf-bom/3.21.9/protobuf-bom-3.21.9.pom
2026-05-29 16:03:08,763 [Worker-27: Building] INFO  o.e.m.c.i.e.AbstractTransferListenerAdapter - Downloaded https://repo.maven.apache.org/maven2/com/google/protobuf/protobuf-bom/3.21.9/protobuf-bom-3.21.9.pom
2026-05-29 16:03:08,766 [Worker-27: Building] WARN  o.e.m.c.i.embedder.EclipseLogger - The artifact org.hibernate:hibernate-core:jar:6.5.2.Final has been relocated to org.hibernate.orm:hibernate-core:jar:6.5.2.Final
2026-05-29 16:03:08,799 [Worker-27: Building] INFO  o.e.m.c.i.e.AbstractTransferListenerAdapter - Downloading https://repo.maven.apache.org/maven2/com/google/protobuf/protobuf-java/3.21.9/protobuf-java-3.21.9.jar
2026-05-29 16:03:08,995 [Worker-27: Building] INFO  o.e.m.c.i.e.AbstractTransferListenerAdapter - Downloaded https://repo.maven.apache.org/maven2/com/google/protobuf/protobuf-java/3.21.9/protobuf-java-3.21.9.jar
2026-05-29 16:03:09,036 [Worker-27: Building] INFO  o.a.m.s.f.DefaultMavenResourcesFiltering - skip non existing resourceDirectory C:\Users\Hp\Documents\workspace-spring-tools-for-eclipse-5.1.1.RELEASE\HibernateDemo1\src\main\resources
2026-05-29 16:03:09,037 [Worker-27: Building] INFO  o.a.m.s.f.DefaultMavenResourcesFiltering - skip non existing resourceDirectory C:\Users\Hp\Documents\workspace-spring-tools-for-eclipse-5.1.1.RELEASE\HibernateDemo1\src\test\resources
2026-05-29 16:03:09,042 [Worker-27: Building] WARN  o.apache.maven.project.MavenProject - Plugin is modifying compileSourceRoots through clear(), which will not work in Maven 4.0.0. Use MavenProject.addCompileSourceRoot()/removeCompileSourceRoot() methods instead. If using a plugin, please upgrade to the latest version or report the issue to the plugin maintainer. To disable these warnings, set -Dmaven.project.sourceRoots.warningsDisabled=true on the command line, in the .mvn/maven.config file, or in project POM properties.
2026-05-29 16:03:09,042 [Worker-27: Building] WARN  o.apache.maven.project.MavenProject - Plugin is modifying compileSourceRoots through add(), which will not work in Maven 4.0.0. Use MavenProject.addCompileSourceRoot()/removeCompileSourceRoot() methods instead. If using a plugin, please upgrade to the latest version or report the issue to the plugin maintainer. To disable these warnings, set -Dmaven.project.sourceRoots.warningsDisabled=true on the command line, in the .mvn/maven.config file, or in project POM properties.
2026-05-29 16:03:09,042 [Worker-27: Building] WARN  o.apache.maven.project.MavenProject - Plugin is modifying testCompileSourceRoots through clear(), which will not work in Maven 4.0.0. Use MavenProject.addTestCompileSourceRoot()/removeTestCompileSourceRoot() methods instead. If using a plugin, please upgrade to the latest version or report the issue to the plugin maintainer. To disable these warnings, set -Dmaven.project.sourceRoots.warningsDisabled=true on the command line, in the .mvn/maven.config file, or in project POM properties.
2026-05-29 16:03:09,043 [Worker-27: Building] WARN  o.apache.maven.project.MavenProject - Plugin is modifying testCompileSourceRoots through add(), which will not work in Maven 4.0.0. Use MavenProject.addTestCompileSourceRoot()/removeTestCompileSourceRoot() methods instead. If using a plugin, please upgrade to the latest version or report the issue to the plugin maintainer. To disable these warnings, set -Dmaven.project.sourceRoots.warningsDisabled=true on the command line, in the .mvn/maven.config file, or in project POM properties.
2026-05-29 16:03:10,107 [Worker-36: Download sources and javadoc] INFO  o.e.m.c.i.e.AbstractTransferListenerAdapter - Downloading https://repo.maven.apache.org/maven2/com/mysql/mysql-connector-j/8.0.33/mysql-connector-j-8.0.33-sources.jar
2026-05-29 16:03:10,197 [Worker-34: Building] INFO  o.a.m.s.f.DefaultMavenResourcesFiltering - skip non existing resourceDirectory C:\Users\Hp\Documents\workspace-spring-tools-for-eclipse-5.1.1.RELEASE\HibernateDemo1\src\main\resources
2026-05-29 16:03:10,198 [Worker-34: Building] INFO  o.a.m.s.f.DefaultMavenResourcesFiltering - skip non existing resourceDirectory C:\Users\Hp\Documents\workspace-spring-tools-for-eclipse-5.1.1.RELEASE\HibernateDemo1\src\test\resources
2026-05-29 16:03:10,204 [Worker-34: Building] WARN  o.apache.maven.project.MavenProject - Plugin is modifying compileSourceRoots through clear(), which will not work in Maven 4.0.0. Use MavenProject.addCompileSourceRoot()/removeCompileSourceRoot() methods instead. If using a plugin, please upgrade to the latest version or report the issue to the plugin maintainer. To disable these warnings, set -Dmaven.project.sourceRoots.warningsDisabled=true on the command line, in the .mvn/maven.config file, or in project POM properties.
2026-05-29 16:03:10,205 [Worker-34: Building] WARN  o.apache.maven.project.MavenProject - Plugin is modifying compileSourceRoots through add(), which will not work in Maven 4.0.0. Use MavenProject.addCompileSourceRoot()/removeCompileSourceRoot() methods instead. If using a plugin, please upgrade to the latest version or report the issue to the plugin maintainer. To disable these warnings, set -Dmaven.project.sourceRoots.warningsDisabled=true on the command line, in the .mvn/maven.config file, or in project POM properties.
2026-05-29 16:03:10,205 [Worker-34: Building] WARN  o.apache.maven.project.MavenProject - Plugin is modifying testCompileSourceRoots through clear(), which will not work in Maven 4.0.0. Use MavenProject.addTestCompileSourceRoot()/removeTestCompileSourceRoot() methods instead. If using a plugin, please upgrade to the latest version or report the issue to the plugin maintainer. To disable these warnings, set -Dmaven.project.sourceRoots.warningsDisabled=true on the command line, in the .mvn/maven.config file, or in project POM properties.
2026-05-29 16:03:10,205 [Worker-34: Building] WARN  o.apache.maven.project.MavenProject - Plugin is modifying testCompileSourceRoots through add(), which will not work in Maven 4.0.0. Use MavenProject.addTestCompileSourceRoot()/removeTestCompileSourceRoot() methods instead. If using a plugin, please upgrade to the latest version or report the issue to the plugin maintainer. To disable these warnings, set -Dmaven.project.sourceRoots.warningsDisabled=true on the command line, in the .mvn/maven.config file, or in project POM properties.
2026-05-29 16:03:10,215 [Worker-36: Download sources and javadoc] INFO  o.e.m.c.i.e.AbstractTransferListenerAdapter - Downloaded https://repo.maven.apache.org/maven2/com/mysql/mysql-connector-j/8.0.33/mysql-connector-j-8.0.33-sources.jar
2026-05-29 16:03:10,217 [Worker-36: Download sources and javadoc] INFO  o.e.m.j.internal.DownloadSourcesJob - Downloaded sources for com.mysql:mysql-connector-j:8.0.33
2026-05-29 16:03:10,303 [Worker-36: Download sources and javadoc] INFO  o.e.m.c.i.e.AbstractTransferListenerAdapter - Downloading https://repo.maven.apache.org/maven2/com/google/protobuf/protobuf-java/3.21.9/protobuf-java-3.21.9-sources.jar
2026-05-29 16:03:10,416 [Worker-36: Download sources and javadoc] INFO  o.e.m.c.i.e.AbstractTransferListenerAdapter - Downloaded https://repo.maven.apache.org/maven2/com/google/protobuf/protobuf-java/3.21.9/protobuf-java-3.21.9-sources.jar
2026-05-29 16:03:10,419 [Worker-36: Download sources and javadoc] INFO  o.e.m.j.internal.DownloadSourcesJob - Downloaded sources for com.google.protobuf:protobuf-java:3.21.9
2026-05-29 16:04:00,543 [Worker-34: Building] INFO  o.a.m.s.f.DefaultMavenResourcesFiltering - skip non existing resourceDirectory C:\Users\Hp\Documents\workspace-spring-tools-for-eclipse-5.1.1.RELEASE\HibernateDemo1\src\main\resources
2026-05-29 16:04:00,544 [Worker-34: Building] INFO  o.a.m.s.f.DefaultMavenResourcesFiltering - skip non existing resourceDirectory C:\Users\Hp\Documents\workspace-spring-tools-for-eclipse-5.1.1.RELEASE\HibernateDemo1\src\test\resources
2026-05-29 16:04:00,544 [Worker-34: Building] WARN  o.apache.maven.project.MavenProject - Plugin is modifying compileSourceRoots through clear(), which will not work in Maven 4.0.0. Use MavenProject.addCompileSourceRoot()/removeCompileSourceRoot() methods instead. If using a plugin, please upgrade to the latest version or report the issue to the plugin maintainer. To disable these warnings, set -Dmaven.project.sourceRoots.warningsDisabled=true on the command line, in the .mvn/maven.config file, or in project POM properties.
2026-05-29 16:04:00,544 [Worker-34: Building] WARN  o.apache.maven.project.MavenProject - Plugin is modifying compileSourceRoots through add(), which will not work in Maven 4.0.0. Use MavenProject.addCompileSourceRoot()/removeCompileSourceRoot() methods instead. If using a plugin, please upgrade to the latest version or report the issue to the plugin maintainer. To disable these warnings, set -Dmaven.project.sourceRoots.warningsDisabled=true on the command line, in the .mvn/maven.config file, or in project POM properties.
2026-05-29 16:04:00,545 [Worker-34: Building] WARN  o.apache.maven.project.MavenProject - Plugin is modifying testCompileSourceRoots through clear(), which will not work in Maven 4.0.0. Use MavenProject.addTestCompileSourceRoot()/removeTestCompileSourceRoot() methods instead. If using a plugin, please upgrade to the latest version or report the issue to the plugin maintainer. To disable these warnings, set -Dmaven.project.sourceRoots.warningsDisabled=true on the command line, in the .mvn/maven.config file, or in project POM properties.
2026-05-29 16:04:00,545 [Worker-34: Building] WARN  o.apache.maven.project.MavenProject - Plugin is modifying testCompileSourceRoots through add(), which will not work in Maven 4.0.0. Use MavenProject.addTestCompileSourceRoot()/removeTestCompileSourceRoot() methods instead. If using a plugin, please upgrade to the latest version or report the issue to the plugin maintainer. To disable these warnings, set -Dmaven.project.sourceRoots.warningsDisabled=true on the command line, in the .mvn/maven.config file, or in project POM properties.
2026-05-29 16:05:47,027 [main] INFO  org.hibernate.cfg.Environment - Hibernate 3.5.6-Final
2026-05-29 16:05:47,032 [main] INFO  org.hibernate.cfg.Environment - hibernate.properties not found
2026-05-29 16:05:47,032 [main] INFO  org.hibernate.cfg.Environment - Bytecode provider name : javassist
2026-05-29 16:05:47,036 [main] INFO  org.hibernate.cfg.Environment - using JDK 1.4 java.sql.Timestamp handling
2026-05-29 16:07:01,327 [Worker-35: Building] INFO  o.a.m.s.f.DefaultMavenResourcesFiltering - skip non existing resourceDirectory C:\Users\Hp\Documents\workspace-spring-tools-for-eclipse-5.1.1.RELEASE\HibernateDemo1\src\main\resources
2026-05-29 16:07:01,329 [Worker-35: Building] INFO  o.a.m.s.f.DefaultMavenResourcesFiltering - skip non existing resourceDirectory C:\Users\Hp\Documents\workspace-spring-tools-for-eclipse-5.1.1.RELEASE\HibernateDemo1\src\test\resources
2026-05-29 16:07:01,329 [Worker-35: Building] WARN  o.apache.maven.project.MavenProject - Plugin is modifying compileSourceRoots through clear(), which will not work in Maven 4.0.0. Use MavenProject.addCompileSourceRoot()/removeCompileSourceRoot() methods instead. If using a plugin, please upgrade to the latest version or report the issue to the plugin maintainer. To disable these warnings, set -Dmaven.project.sourceRoots.warningsDisabled=true on the command line, in the .mvn/maven.config file, or in project POM properties.
2026-05-29 16:07:01,330 [Worker-35: Building] WARN  o.apache.maven.project.MavenProject - Plugin is modifying compileSourceRoots through add(), which will not work in Maven 4.0.0. Use MavenProject.addCompileSourceRoot()/removeCompileSourceRoot() methods instead. If using a plugin, please upgrade to the latest version or report the issue to the plugin maintainer. To disable these warnings, set -Dmaven.project.sourceRoots.warningsDisabled=true on the command line, in the .mvn/maven.config file, or in project POM properties.
2026-05-29 16:07:01,330 [Worker-35: Building] WARN  o.apache.maven.project.MavenProject - Plugin is modifying testCompileSourceRoots through clear(), which will not work in Maven 4.0.0. Use MavenProject.addTestCompileSourceRoot()/removeTestCompileSourceRoot() methods instead. If using a plugin, please upgrade to the latest version or report the issue to the plugin maintainer. To disable these warnings, set -Dmaven.project.sourceRoots.warningsDisabled=true on the command line, in the .mvn/maven.config file, or in project POM properties.
2026-05-29 16:07:01,331 [Worker-35: Building] WARN  o.apache.maven.project.MavenProject - Plugin is modifying testCompileSourceRoots through add(), which will not work in Maven 4.0.0. Use MavenProject.addTestCompileSourceRoot()/removeTestCompileSourceRoot() methods instead. If using a plugin, please upgrade to the latest version or report the issue to the plugin maintainer. To disable these warnings, set -Dmaven.project.sourceRoots.warningsDisabled=true on the command line, in the .mvn/maven.config file, or in project POM properties.
2026-05-29 16:08:48,032 [Worker-34: Building] INFO  o.a.m.s.f.DefaultMavenResourcesFiltering - skip non existing resourceDirectory C:\Users\Hp\Documents\workspace-spring-tools-for-eclipse-5.1.1.RELEASE\HibernateDemo\src\main\resources
2026-05-29 16:08:48,034 [Worker-34: Building] INFO  o.a.m.s.f.DefaultMavenResourcesFiltering - skip non existing resourceDirectory C:\Users\Hp\Documents\workspace-spring-tools-for-eclipse-5.1.1.RELEASE\HibernateDemo\src\test\resources
2026-05-29 16:08:48,034 [Worker-34: Building] WARN  o.apache.maven.project.MavenProject - Plugin is modifying compileSourceRoots through clear(), which will not work in Maven 4.0.0. Use MavenProject.addCompileSourceRoot()/removeCompileSourceRoot() methods instead. If using a plugin, please upgrade to the latest version or report the issue to the plugin maintainer. To disable these warnings, set -Dmaven.project.sourceRoots.warningsDisabled=true on the command line, in the .mvn/maven.config file, or in project POM properties.
2026-05-29 16:08:48,035 [Worker-34: Building] WARN  o.apache.maven.project.MavenProject - Plugin is modifying compileSourceRoots through add(), which will not work in Maven 4.0.0. Use MavenProject.addCompileSourceRoot()/removeCompileSourceRoot() methods instead. If using a plugin, please upgrade to the latest version or report the issue to the plugin maintainer. To disable these warnings, set -Dmaven.project.sourceRoots.warningsDisabled=true on the command line, in the .mvn/maven.config file, or in project POM properties.
2026-05-29 16:08:48,035 [Worker-34: Building] WARN  o.apache.maven.project.MavenProject - Plugin is modifying testCompileSourceRoots through clear(), which will not work in Maven 4.0.0. Use MavenProject.addTestCompileSourceRoot()/removeTestCompileSourceRoot() methods instead. If using a plugin, please upgrade to the latest version or report the issue to the plugin maintainer. To disable these warnings, set -Dmaven.project.sourceRoots.warningsDisabled=true on the command line, in the .mvn/maven.config file, or in project POM properties.
2026-05-29 16:08:48,035 [Worker-34: Building] WARN  o.apache.maven.project.MavenProject - Plugin is modifying testCompileSourceRoots through add(), which will not work in Maven 4.0.0. Use MavenProject.addTestCompileSourceRoot()/removeTestCompileSourceRoot() methods instead. If using a plugin, please upgrade to the latest version or report the issue to the plugin maintainer. To disable these warnings, set -Dmaven.project.sourceRoots.warningsDisabled=true on the command line, in the .mvn/maven.config file, or in project POM properties.
2026-05-29 16:10:09,887 [Worker-36: Building] INFO  o.a.m.s.f.DefaultMavenResourcesFiltering - skip non existing resourceDirectory C:\Users\Hp\Documents\workspace-spring-tools-for-eclipse-5.1.1.RELEASE\HibernateDemo1\src\main\resources
2026-05-29 16:10:09,888 [Worker-36: Building] INFO  o.a.m.s.f.DefaultMavenResourcesFiltering - skip non existing resourceDirectory C:\Users\Hp\Documents\workspace-spring-tools-for-eclipse-5.1.1.RELEASE\HibernateDemo1\src\test\resources
2026-05-29 16:10:09,888 [Worker-36: Building] WARN  o.apache.maven.project.MavenProject - Plugin is modifying compileSourceRoots through clear(), which will not work in Maven 4.0.0. Use MavenProject.addCompileSourceRoot()/removeCompileSourceRoot() methods instead. If using a plugin, please upgrade to the latest version or report the issue to the plugin maintainer. To disable these warnings, set -Dmaven.project.sourceRoots.warningsDisabled=true on the command line, in the .mvn/maven.config file, or in project POM properties.
2026-05-29 16:10:09,889 [Worker-36: Building] WARN  o.apache.maven.project.MavenProject - Plugin is modifying compileSourceRoots through add(), which will not work in Maven 4.0.0. Use MavenProject.addCompileSourceRoot()/removeCompileSourceRoot() methods instead. If using a plugin, please upgrade to the latest version or report the issue to the plugin maintainer. To disable these warnings, set -Dmaven.project.sourceRoots.warningsDisabled=true on the command line, in the .mvn/maven.config file, or in project POM properties.
2026-05-29 16:10:09,889 [Worker-36: Building] WARN  o.apache.maven.project.MavenProject - Plugin is modifying testCompileSourceRoots through clear(), which will not work in Maven 4.0.0. Use MavenProject.addTestCompileSourceRoot()/removeTestCompileSourceRoot() methods instead. If using a plugin, please upgrade to the latest version or report the issue to the plugin maintainer. To disable these warnings, set -Dmaven.project.sourceRoots.warningsDisabled=true on the command line, in the .mvn/maven.config file, or in project POM properties.
2026-05-29 16:10:09,889 [Worker-36: Building] WARN  o.apache.maven.project.MavenProject - Plugin is modifying testCompileSourceRoots through add(), which will not work in Maven 4.0.0. Use MavenProject.addTestCompileSourceRoot()/removeTestCompileSourceRoot() methods instead. If using a plugin, please upgrade to the latest version or report the issue to the plugin maintainer. To disable these warnings, set -Dmaven.project.sourceRoots.warningsDisabled=true on the command line, in the .mvn/maven.config file, or in project POM properties.
2026-05-29 16:10:38,902 [Worker-34: Building] INFO  o.a.m.s.f.DefaultMavenResourcesFiltering - skip non existing resourceDirectory C:\Users\Hp\Documents\workspace-spring-tools-for-eclipse-5.1.1.RELEASE\HibernateDemo1\src\main\resources
2026-05-29 16:10:38,904 [Worker-34: Building] INFO  o.a.m.s.f.DefaultMavenResourcesFiltering - skip non existing resourceDirectory C:\Users\Hp\Documents\workspace-spring-tools-for-eclipse-5.1.1.RELEASE\HibernateDemo1\src\test\resources
2026-05-29 16:10:38,904 [Worker-34: Building] WARN  o.apache.maven.project.MavenProject - Plugin is modifying compileSourceRoots through clear(), which will not work in Maven 4.0.0. Use MavenProject.addCompileSourceRoot()/removeCompileSourceRoot() methods instead. If using a plugin, please upgrade to the latest version or report the issue to the plugin maintainer. To disable these warnings, set -Dmaven.project.sourceRoots.warningsDisabled=true on the command line, in the .mvn/maven.config file, or in project POM properties.
2026-05-29 16:10:38,905 [Worker-34: Building] WARN  o.apache.maven.project.MavenProject - Plugin is modifying compileSourceRoots through add(), which will not work in Maven 4.0.0. Use MavenProject.addCompileSourceRoot()/removeCompileSourceRoot() methods instead. If using a plugin, please upgrade to the latest version or report the issue to the plugin maintainer. To disable these warnings, set -Dmaven.project.sourceRoots.warningsDisabled=true on the command line, in the .mvn/maven.config file, or in project POM properties.
2026-05-29 16:10:38,905 [Worker-34: Building] WARN  o.apache.maven.project.MavenProject - Plugin is modifying testCompileSourceRoots through clear(), which will not work in Maven 4.0.0. Use MavenProject.addTestCompileSourceRoot()/removeTestCompileSourceRoot() methods instead. If using a plugin, please upgrade to the latest version or report the issue to the plugin maintainer. To disable these warnings, set -Dmaven.project.sourceRoots.warningsDisabled=true on the command line, in the .mvn/maven.config file, or in project POM properties.
2026-05-29 16:10:38,905 [Worker-34: Building] WARN  o.apache.maven.project.MavenProject - Plugin is modifying testCompileSourceRoots through add(), which will not work in Maven 4.0.0. Use MavenProject.addTestCompileSourceRoot()/removeTestCompileSourceRoot() methods instead. If using a plugin, please upgrade to the latest version or report the issue to the plugin maintainer. To disable these warnings, set -Dmaven.project.sourceRoots.warningsDisabled=true on the command line, in the .mvn/maven.config file, or in project POM properties.
2026-05-29 16:11:28,011 [Worker-35: Building] INFO  o.a.m.s.f.DefaultMavenResourcesFiltering - skip non existing resourceDirectory C:\Users\Hp\Documents\workspace-spring-tools-for-eclipse-5.1.1.RELEASE\HibernateDemo1\src\main\resources
2026-05-29 16:11:28,012 [Worker-35: Building] INFO  o.a.m.s.f.DefaultMavenResourcesFiltering - skip non existing resourceDirectory C:\Users\Hp\Documents\workspace-spring-tools-for-eclipse-5.1.1.RELEASE\HibernateDemo1\src\test\resources
2026-05-29 16:11:28,012 [Worker-35: Building] WARN  o.apache.maven.project.MavenProject - Plugin is modifying compileSourceRoots through clear(), which will not work in Maven 4.0.0. Use MavenProject.addCompileSourceRoot()/removeCompileSourceRoot() methods instead. If using a plugin, please upgrade to the latest version or report the issue to the plugin maintainer. To disable these warnings, set -Dmaven.project.sourceRoots.warningsDisabled=true on the command line, in the .mvn/maven.config file, or in project POM properties.
2026-05-29 16:11:28,012 [Worker-35: Building] WARN  o.apache.maven.project.MavenProject - Plugin is modifying compileSourceRoots through add(), which will not work in Maven 4.0.0. Use MavenProject.addCompileSourceRoot()/removeCompileSourceRoot() methods instead. If using a plugin, please upgrade to the latest version or report the issue to the plugin maintainer. To disable these warnings, set -Dmaven.project.sourceRoots.warningsDisabled=true on the command line, in the .mvn/maven.config file, or in project POM properties.
2026-05-29 16:11:28,013 [Worker-35: Building] WARN  o.apache.maven.project.MavenProject - Plugin is modifying testCompileSourceRoots through clear(), which will not work in Maven 4.0.0. Use MavenProject.addTestCompileSourceRoot()/removeTestCompileSourceRoot() methods instead. If using a plugin, please upgrade to the latest version or report the issue to the plugin maintainer. To disable these warnings, set -Dmaven.project.sourceRoots.warningsDisabled=true on the command line, in the .mvn/maven.config file, or in project POM properties.
2026-05-29 16:11:28,013 [Worker-35: Building] WARN  o.apache.maven.project.MavenProject - Plugin is modifying testCompileSourceRoots through add(), which will not work in Maven 4.0.0. Use MavenProject.addTestCompileSourceRoot()/removeTestCompileSourceRoot() methods instead. If using a plugin, please upgrade to the latest version or report the issue to the plugin maintainer. To disable these warnings, set -Dmaven.project.sourceRoots.warningsDisabled=true on the command line, in the .mvn/maven.config file, or in project POM properties.
2026-05-29 16:12:16,097 [Worker-34: Building] INFO  o.a.m.s.f.DefaultMavenResourcesFiltering - skip non existing resourceDirectory C:\Users\Hp\Documents\workspace-spring-tools-for-eclipse-5.1.1.RELEASE\HibernateDemo1\src\main\resources
2026-05-29 16:12:16,098 [Worker-34: Building] INFO  o.a.m.s.f.DefaultMavenResourcesFiltering - skip non existing resourceDirectory C:\Users\Hp\Documents\workspace-spring-tools-for-eclipse-5.1.1.RELEASE\HibernateDemo1\src\test\resources
2026-05-29 16:12:16,098 [Worker-34: Building] WARN  o.apache.maven.project.MavenProject - Plugin is modifying compileSourceRoots through clear(), which will not work in Maven 4.0.0. Use MavenProject.addCompileSourceRoot()/removeCompileSourceRoot() methods instead. If using a plugin, please upgrade to the latest version or report the issue to the plugin maintainer. To disable these warnings, set -Dmaven.project.sourceRoots.warningsDisabled=true on the command line, in the .mvn/maven.config file, or in project POM properties.
2026-05-29 16:12:16,099 [Worker-34: Building] WARN  o.apache.maven.project.MavenProject - Plugin is modifying compileSourceRoots through add(), which will not work in Maven 4.0.0. Use MavenProject.addCompileSourceRoot()/removeCompileSourceRoot() methods instead. If using a plugin, please upgrade to the latest version or report the issue to the plugin maintainer. To disable these warnings, set -Dmaven.project.sourceRoots.warningsDisabled=true on the command line, in the .mvn/maven.config file, or in project POM properties.
2026-05-29 16:12:16,099 [Worker-34: Building] WARN  o.apache.maven.project.MavenProject - Plugin is modifying testCompileSourceRoots through clear(), which will not work in Maven 4.0.0. Use MavenProject.addTestCompileSourceRoot()/removeTestCompileSourceRoot() methods instead. If using a plugin, please upgrade to the latest version or report the issue to the plugin maintainer. To disable these warnings, set -Dmaven.project.sourceRoots.warningsDisabled=true on the command line, in the .mvn/maven.config file, or in project POM properties.
2026-05-29 16:12:16,099 [Worker-34: Building] WARN  o.apache.maven.project.MavenProject - Plugin is modifying testCompileSourceRoots through add(), which will not work in Maven 4.0.0. Use MavenProject.addTestCompileSourceRoot()/removeTestCompileSourceRoot() methods instead. If using a plugin, please upgrade to the latest version or report the issue to the plugin maintainer. To disable these warnings, set -Dmaven.project.sourceRoots.warningsDisabled=true on the command line, in the .mvn/maven.config file, or in project POM properties.
2026-05-29 16:29:52,539 [Worker-36: Building] INFO  o.a.m.s.f.DefaultMavenResourcesFiltering - skip non existing resourceDirectory C:\Users\Hp\Documents\workspace-spring-tools-for-eclipse-5.1.1.RELEASE\HibernateDemo1\src\main\resources
2026-05-29 16:29:52,540 [Worker-36: Building] INFO  o.a.m.s.f.DefaultMavenResourcesFiltering - skip non existing resourceDirectory C:\Users\Hp\Documents\workspace-spring-tools-for-eclipse-5.1.1.RELEASE\HibernateDemo1\src\test\resources
2026-05-29 16:29:52,541 [Worker-36: Building] WARN  o.apache.maven.project.MavenProject - Plugin is modifying compileSourceRoots through clear(), which will not work in Maven 4.0.0. Use MavenProject.addCompileSourceRoot()/removeCompileSourceRoot() methods instead. If using a plugin, please upgrade to the latest version or report the issue to the plugin maintainer. To disable these warnings, set -Dmaven.project.sourceRoots.warningsDisabled=true on the command line, in the .mvn/maven.config file, or in project POM properties.
2026-05-29 16:29:52,541 [Worker-36: Building] WARN  o.apache.maven.project.MavenProject - Plugin is modifying compileSourceRoots through add(), which will not work in Maven 4.0.0. Use MavenProject.addCompileSourceRoot()/removeCompileSourceRoot() methods instead. If using a plugin, please upgrade to the latest version or report the issue to the plugin maintainer. To disable these warnings, set -Dmaven.project.sourceRoots.warningsDisabled=true on the command line, in the .mvn/maven.config file, or in project POM properties.
2026-05-29 16:29:52,542 [Worker-36: Building] WARN  o.apache.maven.project.MavenProject - Plugin is modifying testCompileSourceRoots through clear(), which will not work in Maven 4.0.0. Use MavenProject.addTestCompileSourceRoot()/removeTestCompileSourceRoot() methods instead. If using a plugin, please upgrade to the latest version or report the issue to the plugin maintainer. To disable these warnings, set -Dmaven.project.sourceRoots.warningsDisabled=true on the command line, in the .mvn/maven.config file, or in project POM properties.
2026-05-29 16:29:52,542 [Worker-36: Building] WARN  o.apache.maven.project.MavenProject - Plugin is modifying testCompileSourceRoots through add(), which will not work in Maven 4.0.0. Use MavenProject.addTestCompileSourceRoot()/removeTestCompileSourceRoot() methods instead. If using a plugin, please upgrade to the latest version or report the issue to the plugin maintainer. To disable these warnings, set -Dmaven.project.sourceRoots.warningsDisabled=true on the command line, in the .mvn/maven.config file, or in project POM properties.
2026-05-29 16:30:17,265 [Worker-45: Building] INFO  o.a.m.s.f.DefaultMavenResourcesFiltering - skip non existing resourceDirectory C:\Users\Hp\Documents\workspace-spring-tools-for-eclipse-5.1.1.RELEASE\HibernateDemo1\src\main\resources
2026-05-29 16:30:17,266 [Worker-45: Building] INFO  o.a.m.s.f.DefaultMavenResourcesFiltering - skip non existing resourceDirectory C:\Users\Hp\Documents\workspace-spring-tools-for-eclipse-5.1.1.RELEASE\HibernateDemo1\src\test\resources
2026-05-29 16:30:17,266 [Worker-45: Building] WARN  o.apache.maven.project.MavenProject - Plugin is modifying compileSourceRoots through clear(), which will not work in Maven 4.0.0. Use MavenProject.addCompileSourceRoot()/removeCompileSourceRoot() methods instead. If using a plugin, please upgrade to the latest version or report the issue to the plugin maintainer. To disable these warnings, set -Dmaven.project.sourceRoots.warningsDisabled=true on the command line, in the .mvn/maven.config file, or in project POM properties.
2026-05-29 16:30:17,266 [Worker-45: Building] WARN  o.apache.maven.project.MavenProject - Plugin is modifying compileSourceRoots through add(), which will not work in Maven 4.0.0. Use MavenProject.addCompileSourceRoot()/removeCompileSourceRoot() methods instead. If using a plugin, please upgrade to the latest version or report the issue to the plugin maintainer. To disable these warnings, set -Dmaven.project.sourceRoots.warningsDisabled=true on the command line, in the .mvn/maven.config file, or in project POM properties.
2026-05-29 16:30:17,267 [Worker-45: Building] WARN  o.apache.maven.project.MavenProject - Plugin is modifying testCompileSourceRoots through clear(), which will not work in Maven 4.0.0. Use MavenProject.addTestCompileSourceRoot()/removeTestCompileSourceRoot() methods instead. If using a plugin, please upgrade to the latest version or report the issue to the plugin maintainer. To disable these warnings, set -Dmaven.project.sourceRoots.warningsDisabled=true on the command line, in the .mvn/maven.config file, or in project POM properties.
2026-05-29 16:30:17,267 [Worker-45: Building] WARN  o.apache.maven.project.MavenProject - Plugin is modifying testCompileSourceRoots through add(), which will not work in Maven 4.0.0. Use MavenProject.addTestCompileSourceRoot()/removeTestCompileSourceRoot() methods instead. If using a plugin, please upgrade to the latest version or report the issue to the plugin maintainer. To disable these warnings, set -Dmaven.project.sourceRoots.warningsDisabled=true on the command line, in the .mvn/maven.config file, or in project POM properties.
2026-05-29 16:31:36,231 [Worker-42: Building] INFO  o.a.m.s.f.DefaultMavenResourcesFiltering - skip non existing resourceDirectory C:\Users\Hp\Documents\workspace-spring-tools-for-eclipse-5.1.1.RELEASE\HibernateDemo1\src\main\resources
2026-05-29 16:31:36,232 [Worker-42: Building] INFO  o.a.m.s.f.DefaultMavenResourcesFiltering - skip non existing resourceDirectory C:\Users\Hp\Documents\workspace-spring-tools-for-eclipse-5.1.1.RELEASE\HibernateDemo1\src\test\resources
2026-05-29 16:31:36,232 [Worker-42: Building] WARN  o.apache.maven.project.MavenProject - Plugin is modifying compileSourceRoots through clear(), which will not work in Maven 4.0.0. Use MavenProject.addCompileSourceRoot()/removeCompileSourceRoot() methods instead. If using a plugin, please upgrade to the latest version or report the issue to the plugin maintainer. To disable these warnings, set -Dmaven.project.sourceRoots.warningsDisabled=true on the command line, in the .mvn/maven.config file, or in project POM properties.
2026-05-29 16:31:36,233 [Worker-42: Building] WARN  o.apache.maven.project.MavenProject - Plugin is modifying compileSourceRoots through add(), which will not work in Maven 4.0.0. Use MavenProject.addCompileSourceRoot()/removeCompileSourceRoot() methods instead. If using a plugin, please upgrade to the latest version or report the issue to the plugin maintainer. To disable these warnings, set -Dmaven.project.sourceRoots.warningsDisabled=true on the command line, in the .mvn/maven.config file, or in project POM properties.
2026-05-29 16:31:36,233 [Worker-42: Building] WARN  o.apache.maven.project.MavenProject - Plugin is modifying testCompileSourceRoots through clear(), which will not work in Maven 4.0.0. Use MavenProject.addTestCompileSourceRoot()/removeTestCompileSourceRoot() methods instead. If using a plugin, please upgrade to the latest version or report the issue to the plugin maintainer. To disable these warnings, set -Dmaven.project.sourceRoots.warningsDisabled=true on the command line, in the .mvn/maven.config file, or in project POM properties.
2026-05-29 16:31:36,234 [Worker-42: Building] WARN  o.apache.maven.project.MavenProject - Plugin is modifying testCompileSourceRoots through add(), which will not work in Maven 4.0.0. Use MavenProject.addTestCompileSourceRoot()/removeTestCompileSourceRoot() methods instead. If using a plugin, please upgrade to the latest version or report the issue to the plugin maintainer. To disable these warnings, set -Dmaven.project.sourceRoots.warningsDisabled=true on the command line, in the .mvn/maven.config file, or in project POM properties.
2026-05-29 16:32:04,349 [Worker-43: Building] INFO  o.a.m.s.f.DefaultMavenResourcesFiltering - skip non existing resourceDirectory C:\Users\Hp\Documents\workspace-spring-tools-for-eclipse-5.1.1.RELEASE\HibernateDemo1\src\main\resources
2026-05-29 16:32:04,350 [Worker-43: Building] INFO  o.a.m.s.f.DefaultMavenResourcesFiltering - skip non existing resourceDirectory C:\Users\Hp\Documents\workspace-spring-tools-for-eclipse-5.1.1.RELEASE\HibernateDemo1\src\test\resources
2026-05-29 16:32:04,350 [Worker-43: Building] WARN  o.apache.maven.project.MavenProject - Plugin is modifying compileSourceRoots through clear(), which will not work in Maven 4.0.0. Use MavenProject.addCompileSourceRoot()/removeCompileSourceRoot() methods instead. If using a plugin, please upgrade to the latest version or report the issue to the plugin maintainer. To disable these warnings, set -Dmaven.project.sourceRoots.warningsDisabled=true on the command line, in the .mvn/maven.config file, or in project POM properties.
2026-05-29 16:32:04,351 [Worker-43: Building] WARN  o.apache.maven.project.MavenProject - Plugin is modifying compileSourceRoots through add(), which will not work in Maven 4.0.0. Use MavenProject.addCompileSourceRoot()/removeCompileSourceRoot() methods instead. If using a plugin, please upgrade to the latest version or report the issue to the plugin maintainer. To disable these warnings, set -Dmaven.project.sourceRoots.warningsDisabled=true on the command line, in the .mvn/maven.config file, or in project POM properties.
2026-05-29 16:32:04,351 [Worker-43: Building] WARN  o.apache.maven.project.MavenProject - Plugin is modifying testCompileSourceRoots through clear(), which will not work in Maven 4.0.0. Use MavenProject.addTestCompileSourceRoot()/removeTestCompileSourceRoot() methods instead. If using a plugin, please upgrade to the latest version or report the issue to the plugin maintainer. To disable these warnings, set -Dmaven.project.sourceRoots.warningsDisabled=true on the command line, in the .mvn/maven.config file, or in project POM properties.
2026-05-29 16:32:04,352 [Worker-43: Building] WARN  o.apache.maven.project.MavenProject - Plugin is modifying testCompileSourceRoots through add(), which will not work in Maven 4.0.0. Use MavenProject.addTestCompileSourceRoot()/removeTestCompileSourceRoot() methods instead. If using a plugin, please upgrade to the latest version or report the issue to the plugin maintainer. To disable these warnings, set -Dmaven.project.sourceRoots.warningsDisabled=true on the command line, in the .mvn/maven.config file, or in project POM properties.
2026-05-29 16:32:37,907 [Worker-43: Building] INFO  o.a.m.s.f.DefaultMavenResourcesFiltering - skip non existing resourceDirectory C:\Users\Hp\Documents\workspace-spring-tools-for-eclipse-5.1.1.RELEASE\HibernateDemo1\src\main\resources
2026-05-29 16:32:37,909 [Worker-43: Building] INFO  o.a.m.s.f.DefaultMavenResourcesFiltering - skip non existing resourceDirectory C:\Users\Hp\Documents\workspace-spring-tools-for-eclipse-5.1.1.RELEASE\HibernateDemo1\src\test\resources
2026-05-29 16:32:37,913 [Worker-43: Building] WARN  o.apache.maven.project.MavenProject - Plugin is modifying compileSourceRoots through clear(), which will not work in Maven 4.0.0. Use MavenProject.addCompileSourceRoot()/removeCompileSourceRoot() methods instead. If using a plugin, please upgrade to the latest version or report the issue to the plugin maintainer. To disable these warnings, set -Dmaven.project.sourceRoots.warningsDisabled=true on the command line, in the .mvn/maven.config file, or in project POM properties.
2026-05-29 16:32:37,914 [Worker-43: Building] WARN  o.apache.maven.project.MavenProject - Plugin is modifying compileSourceRoots through add(), which will not work in Maven 4.0.0. Use MavenProject.addCompileSourceRoot()/removeCompileSourceRoot() methods instead. If using a plugin, please upgrade to the latest version or report the issue to the plugin maintainer. To disable these warnings, set -Dmaven.project.sourceRoots.warningsDisabled=true on the command line, in the .mvn/maven.config file, or in project POM properties.
2026-05-29 16:32:37,914 [Worker-43: Building] WARN  o.apache.maven.project.MavenProject - Plugin is modifying testCompileSourceRoots through clear(), which will not work in Maven 4.0.0. Use MavenProject.addTestCompileSourceRoot()/removeTestCompileSourceRoot() methods instead. If using a plugin, please upgrade to the latest version or report the issue to the plugin maintainer. To disable these warnings, set -Dmaven.project.sourceRoots.warningsDisabled=true on the command line, in the .mvn/maven.config file, or in project POM properties.
2026-05-29 16:32:37,915 [Worker-43: Building] WARN  o.apache.maven.project.MavenProject - Plugin is modifying testCompileSourceRoots through add(), which will not work in Maven 4.0.0. Use MavenProject.addTestCompileSourceRoot()/removeTestCompileSourceRoot() methods instead. If using a plugin, please upgrade to the latest version or report the issue to the plugin maintainer. To disable these warnings, set -Dmaven.project.sourceRoots.warningsDisabled=true on the command line, in the .mvn/maven.config file, or in project POM properties.
2026-05-29 16:33:45,082 [Worker-46: Building] INFO  o.a.m.s.f.DefaultMavenResourcesFiltering - skip non existing resourceDirectory C:\Users\Hp\Documents\workspace-spring-tools-for-eclipse-5.1.1.RELEASE\HibernateDemo1\src\main\resources
2026-05-29 16:33:45,083 [Worker-46: Building] INFO  o.a.m.s.f.DefaultMavenResourcesFiltering - skip non existing resourceDirectory C:\Users\Hp\Documents\workspace-spring-tools-for-eclipse-5.1.1.RELEASE\HibernateDemo1\src\test\resources
2026-05-29 16:33:45,083 [Worker-46: Building] WARN  o.apache.maven.project.MavenProject - Plugin is modifying compileSourceRoots through clear(), which will not work in Maven 4.0.0. Use MavenProject.addCompileSourceRoot()/removeCompileSourceRoot() methods instead. If using a plugin, please upgrade to the latest version or report the issue to the plugin maintainer. To disable these warnings, set -Dmaven.project.sourceRoots.warningsDisabled=true on the command line, in the .mvn/maven.config file, or in project POM properties.
2026-05-29 16:33:45,084 [Worker-46: Building] WARN  o.apache.maven.project.MavenProject - Plugin is modifying compileSourceRoots through add(), which will not work in Maven 4.0.0. Use MavenProject.addCompileSourceRoot()/removeCompileSourceRoot() methods instead. If using a plugin, please upgrade to the latest version or report the issue to the plugin maintainer. To disable these warnings, set -Dmaven.project.sourceRoots.warningsDisabled=true on the command line, in the .mvn/maven.config file, or in project POM properties.
2026-05-29 16:33:45,084 [Worker-46: Building] WARN  o.apache.maven.project.MavenProject - Plugin is modifying testCompileSourceRoots through clear(), which will not work in Maven 4.0.0. Use MavenProject.addTestCompileSourceRoot()/removeTestCompileSourceRoot() methods instead. If using a plugin, please upgrade to the latest version or report the issue to the plugin maintainer. To disable these warnings, set -Dmaven.project.sourceRoots.warningsDisabled=true on the command line, in the .mvn/maven.config file, or in project POM properties.
2026-05-29 16:33:45,085 [Worker-46: Building] WARN  o.apache.maven.project.MavenProject - Plugin is modifying testCompileSourceRoots through add(), which will not work in Maven 4.0.0. Use MavenProject.addTestCompileSourceRoot()/removeTestCompileSourceRoot() methods instead. If using a plugin, please upgrade to the latest version or report the issue to the plugin maintainer. To disable these warnings, set -Dmaven.project.sourceRoots.warningsDisabled=true on the command line, in the .mvn/maven.config file, or in project POM properties.
2026-05-29 16:34:03,578 [Worker-36: Building] INFO  o.a.m.s.f.DefaultMavenResourcesFiltering - skip non existing resourceDirectory C:\Users\Hp\Documents\workspace-spring-tools-for-eclipse-5.1.1.RELEASE\HibernateDemo1\src\main\resources
2026-05-29 16:34:03,579 [Worker-36: Building] INFO  o.a.m.s.f.DefaultMavenResourcesFiltering - skip non existing resourceDirectory C:\Users\Hp\Documents\workspace-spring-tools-for-eclipse-5.1.1.RELEASE\HibernateDemo1\src\test\resources
2026-05-29 16:34:03,580 [Worker-36: Building] WARN  o.apache.maven.project.MavenProject - Plugin is modifying compileSourceRoots through clear(), which will not work in Maven 4.0.0. Use MavenProject.addCompileSourceRoot()/removeCompileSourceRoot() methods instead. If using a plugin, please upgrade to the latest version or report the issue to the plugin maintainer. To disable these warnings, set -Dmaven.project.sourceRoots.warningsDisabled=true on the command line, in the .mvn/maven.config file, or in project POM properties.
2026-05-29 16:34:03,580 [Worker-36: Building] WARN  o.apache.maven.project.MavenProject - Plugin is modifying compileSourceRoots through add(), which will not work in Maven 4.0.0. Use MavenProject.addCompileSourceRoot()/removeCompileSourceRoot() methods instead. If using a plugin, please upgrade to the latest version or report the issue to the plugin maintainer. To disable these warnings, set -Dmaven.project.sourceRoots.warningsDisabled=true on the command line, in the .mvn/maven.config file, or in project POM properties.
2026-05-29 16:34:03,581 [Worker-36: Building] WARN  o.apache.maven.project.MavenProject - Plugin is modifying testCompileSourceRoots through clear(), which will not work in Maven 4.0.0. Use MavenProject.addTestCompileSourceRoot()/removeTestCompileSourceRoot() methods instead. If using a plugin, please upgrade to the latest version or report the issue to the plugin maintainer. To disable these warnings, set -Dmaven.project.sourceRoots.warningsDisabled=true on the command line, in the .mvn/maven.config file, or in project POM properties.
2026-05-29 16:34:03,581 [Worker-36: Building] WARN  o.apache.maven.project.MavenProject - Plugin is modifying testCompileSourceRoots through add(), which will not work in Maven 4.0.0. Use MavenProject.addTestCompileSourceRoot()/removeTestCompileSourceRoot() methods instead. If using a plugin, please upgrade to the latest version or report the issue to the plugin maintainer. To disable these warnings, set -Dmaven.project.sourceRoots.warningsDisabled=true on the command line, in the .mvn/maven.config file, or in project POM properties.
2026-05-29 16:34:31,579 [Worker-36: Building] INFO  o.a.m.s.f.DefaultMavenResourcesFiltering - skip non existing resourceDirectory C:\Users\Hp\Documents\workspace-spring-tools-for-eclipse-5.1.1.RELEASE\HibernateDemo1\src\main\resources
2026-05-29 16:34:31,580 [Worker-36: Building] INFO  o.a.m.s.f.DefaultMavenResourcesFiltering - skip non existing resourceDirectory C:\Users\Hp\Documents\workspace-spring-tools-for-eclipse-5.1.1.RELEASE\HibernateDemo1\src\test\resources
2026-05-29 16:34:31,580 [Worker-36: Building] WARN  o.apache.maven.project.MavenProject - Plugin is modifying compileSourceRoots through clear(), which will not work in Maven 4.0.0. Use MavenProject.addCompileSourceRoot()/removeCompileSourceRoot() methods instead. If using a plugin, please upgrade to the latest version or report the issue to the plugin maintainer. To disable these warnings, set -Dmaven.project.sourceRoots.warningsDisabled=true on the command line, in the .mvn/maven.config file, or in project POM properties.
2026-05-29 16:34:31,581 [Worker-36: Building] WARN  o.apache.maven.project.MavenProject - Plugin is modifying compileSourceRoots through add(), which will not work in Maven 4.0.0. Use MavenProject.addCompileSourceRoot()/removeCompileSourceRoot() methods instead. If using a plugin, please upgrade to the latest version or report the issue to the plugin maintainer. To disable these warnings, set -Dmaven.project.sourceRoots.warningsDisabled=true on the command line, in the .mvn/maven.config file, or in project POM properties.
2026-05-29 16:34:31,581 [Worker-36: Building] WARN  o.apache.maven.project.MavenProject - Plugin is modifying testCompileSourceRoots through clear(), which will not work in Maven 4.0.0. Use MavenProject.addTestCompileSourceRoot()/removeTestCompileSourceRoot() methods instead. If using a plugin, please upgrade to the latest version or report the issue to the plugin maintainer. To disable these warnings, set -Dmaven.project.sourceRoots.warningsDisabled=true on the command line, in the .mvn/maven.config file, or in project POM properties.
2026-05-29 16:34:31,581 [Worker-36: Building] WARN  o.apache.maven.project.MavenProject - Plugin is modifying testCompileSourceRoots through add(), which will not work in Maven 4.0.0. Use MavenProject.addTestCompileSourceRoot()/removeTestCompileSourceRoot() methods instead. If using a plugin, please upgrade to the latest version or report the issue to the plugin maintainer. To disable these warnings, set -Dmaven.project.sourceRoots.warningsDisabled=true on the command line, in the .mvn/maven.config file, or in project POM properties.
2026-05-29 16:35:32,070 [Worker-48: Building] INFO  o.a.m.s.f.DefaultMavenResourcesFiltering - skip non existing resourceDirectory C:\Users\Hp\Documents\workspace-spring-tools-for-eclipse-5.1.1.RELEASE\HibernateDemo1\src\main\resources
2026-05-29 16:35:32,071 [Worker-48: Building] INFO  o.a.m.s.f.DefaultMavenResourcesFiltering - skip non existing resourceDirectory C:\Users\Hp\Documents\workspace-spring-tools-for-eclipse-5.1.1.RELEASE\HibernateDemo1\src\test\resources
2026-05-29 16:35:32,071 [Worker-48: Building] WARN  o.apache.maven.project.MavenProject - Plugin is modifying compileSourceRoots through clear(), which will not work in Maven 4.0.0. Use MavenProject.addCompileSourceRoot()/removeCompileSourceRoot() methods instead. If using a plugin, please upgrade to the latest version or report the issue to the plugin maintainer. To disable these warnings, set -Dmaven.project.sourceRoots.warningsDisabled=true on the command line, in the .mvn/maven.config file, or in project POM properties.
2026-05-29 16:35:32,072 [Worker-48: Building] WARN  o.apache.maven.project.MavenProject - Plugin is modifying compileSourceRoots through add(), which will not work in Maven 4.0.0. Use MavenProject.addCompileSourceRoot()/removeCompileSourceRoot() methods instead. If using a plugin, please upgrade to the latest version or report the issue to the plugin maintainer. To disable these warnings, set -Dmaven.project.sourceRoots.warningsDisabled=true on the command line, in the .mvn/maven.config file, or in project POM properties.
2026-05-29 16:35:32,072 [Worker-48: Building] WARN  o.apache.maven.project.MavenProject - Plugin is modifying testCompileSourceRoots through clear(), which will not work in Maven 4.0.0. Use MavenProject.addTestCompileSourceRoot()/removeTestCompileSourceRoot() methods instead. If using a plugin, please upgrade to the latest version or report the issue to the plugin maintainer. To disable these warnings, set -Dmaven.project.sourceRoots.warningsDisabled=true on the command line, in the .mvn/maven.config file, or in project POM properties.
2026-05-29 16:35:32,072 [Worker-48: Building] WARN  o.apache.maven.project.MavenProject - Plugin is modifying testCompileSourceRoots through add(), which will not work in Maven 4.0.0. Use MavenProject.addTestCompileSourceRoot()/removeTestCompileSourceRoot() methods instead. If using a plugin, please upgrade to the latest version or report the issue to the plugin maintainer. To disable these warnings, set -Dmaven.project.sourceRoots.warningsDisabled=true on the command line, in the .mvn/maven.config file, or in project POM properties.
2026-05-29 16:36:54,745 [Worker-36: Building] INFO  o.a.m.s.f.DefaultMavenResourcesFiltering - skip non existing resourceDirectory C:\Users\Hp\Documents\workspace-spring-tools-for-eclipse-5.1.1.RELEASE\HibernateDemo1\src\main\resources
2026-05-29 16:36:54,746 [Worker-36: Building] INFO  o.a.m.s.f.DefaultMavenResourcesFiltering - skip non existing resourceDirectory C:\Users\Hp\Documents\workspace-spring-tools-for-eclipse-5.1.1.RELEASE\HibernateDemo1\src\test\resources
2026-05-29 16:36:54,746 [Worker-36: Building] WARN  o.apache.maven.project.MavenProject - Plugin is modifying compileSourceRoots through clear(), which will not work in Maven 4.0.0. Use MavenProject.addCompileSourceRoot()/removeCompileSourceRoot() methods instead. If using a plugin, please upgrade to the latest version or report the issue to the plugin maintainer. To disable these warnings, set -Dmaven.project.sourceRoots.warningsDisabled=true on the command line, in the .mvn/maven.config file, or in project POM properties.
2026-05-29 16:36:54,747 [Worker-36: Building] WARN  o.apache.maven.project.MavenProject - Plugin is modifying compileSourceRoots through add(), which will not work in Maven 4.0.0. Use MavenProject.addCompileSourceRoot()/removeCompileSourceRoot() methods instead. If using a plugin, please upgrade to the latest version or report the issue to the plugin maintainer. To disable these warnings, set -Dmaven.project.sourceRoots.warningsDisabled=true on the command line, in the .mvn/maven.config file, or in project POM properties.
2026-05-29 16:36:54,747 [Worker-36: Building] WARN  o.apache.maven.project.MavenProject - Plugin is modifying testCompileSourceRoots through clear(), which will not work in Maven 4.0.0. Use MavenProject.addTestCompileSourceRoot()/removeTestCompileSourceRoot() methods instead. If using a plugin, please upgrade to the latest version or report the issue to the plugin maintainer. To disable these warnings, set -Dmaven.project.sourceRoots.warningsDisabled=true on the command line, in the .mvn/maven.config file, or in project POM properties.
2026-05-29 16:36:54,748 [Worker-36: Building] WARN  o.apache.maven.project.MavenProject - Plugin is modifying testCompileSourceRoots through add(), which will not work in Maven 4.0.0. Use MavenProject.addTestCompileSourceRoot()/removeTestCompileSourceRoot() methods instead. If using a plugin, please upgrade to the latest version or report the issue to the plugin maintainer. To disable these warnings, set -Dmaven.project.sourceRoots.warningsDisabled=true on the command line, in the .mvn/maven.config file, or in project POM properties.
2026-05-29 16:45:03,739 [Worker-43: Building] INFO  o.a.m.s.f.DefaultMavenResourcesFiltering - Copying 1 resource from src\main\resources to target\classes
2026-05-29 16:45:03,745 [Worker-43: Building] INFO  o.a.m.s.f.DefaultMavenResourcesFiltering - skip non existing resourceDirectory C:\Users\Hp\Documents\workspace-spring-tools-for-eclipse-5.1.1.RELEASE\HibernateDemo1\src\test\resources
2026-05-29 16:45:03,751 [Worker-43: Building] WARN  o.apache.maven.project.MavenProject - Plugin is modifying compileSourceRoots through clear(), which will not work in Maven 4.0.0. Use MavenProject.addCompileSourceRoot()/removeCompileSourceRoot() methods instead. If using a plugin, please upgrade to the latest version or report the issue to the plugin maintainer. To disable these warnings, set -Dmaven.project.sourceRoots.warningsDisabled=true on the command line, in the .mvn/maven.config file, or in project POM properties.
2026-05-29 16:45:03,752 [Worker-43: Building] WARN  o.apache.maven.project.MavenProject - Plugin is modifying compileSourceRoots through add(), which will not work in Maven 4.0.0. Use MavenProject.addCompileSourceRoot()/removeCompileSourceRoot() methods instead. If using a plugin, please upgrade to the latest version or report the issue to the plugin maintainer. To disable these warnings, set -Dmaven.project.sourceRoots.warningsDisabled=true on the command line, in the .mvn/maven.config file, or in project POM properties.
2026-05-29 16:45:03,752 [Worker-43: Building] WARN  o.apache.maven.project.MavenProject - Plugin is modifying testCompileSourceRoots through clear(), which will not work in Maven 4.0.0. Use MavenProject.addTestCompileSourceRoot()/removeTestCompileSourceRoot() methods instead. If using a plugin, please upgrade to the latest version or report the issue to the plugin maintainer. To disable these warnings, set -Dmaven.project.sourceRoots.warningsDisabled=true on the command line, in the .mvn/maven.config file, or in project POM properties.
2026-05-29 16:45:03,752 [Worker-43: Building] WARN  o.apache.maven.project.MavenProject - Plugin is modifying testCompileSourceRoots through add(), which will not work in Maven 4.0.0. Use MavenProject.addTestCompileSourceRoot()/removeTestCompileSourceRoot() methods instead. If using a plugin, please upgrade to the latest version or report the issue to the plugin maintainer. To disable these warnings, set -Dmaven.project.sourceRoots.warningsDisabled=true on the command line, in the .mvn/maven.config file, or in project POM properties.
2026-05-29 16:46:01,414 [Worker-43: Building] INFO  o.a.m.s.f.DefaultMavenResourcesFiltering - Copying 1 resource from src\main\resources to target\classes
2026-05-29 16:46:01,416 [Worker-43: Building] INFO  o.a.m.s.f.DefaultMavenResourcesFiltering - skip non existing resourceDirectory C:\Users\Hp\Documents\workspace-spring-tools-for-eclipse-5.1.1.RELEASE\HibernateDemo1\src\test\resources
2026-05-29 16:46:01,416 [Worker-43: Building] WARN  o.apache.maven.project.MavenProject - Plugin is modifying compileSourceRoots through clear(), which will not work in Maven 4.0.0. Use MavenProject.addCompileSourceRoot()/removeCompileSourceRoot() methods instead. If using a plugin, please upgrade to the latest version or report the issue to the plugin maintainer. To disable these warnings, set -Dmaven.project.sourceRoots.warningsDisabled=true on the command line, in the .mvn/maven.config file, or in project POM properties.
2026-05-29 16:46:01,417 [Worker-43: Building] WARN  o.apache.maven.project.MavenProject - Plugin is modifying compileSourceRoots through add(), which will not work in Maven 4.0.0. Use MavenProject.addCompileSourceRoot()/removeCompileSourceRoot() methods instead. If using a plugin, please upgrade to the latest version or report the issue to the plugin maintainer. To disable these warnings, set -Dmaven.project.sourceRoots.warningsDisabled=true on the command line, in the .mvn/maven.config file, or in project POM properties.
2026-05-29 16:46:01,417 [Worker-43: Building] WARN  o.apache.maven.project.MavenProject - Plugin is modifying testCompileSourceRoots through clear(), which will not work in Maven 4.0.0. Use MavenProject.addTestCompileSourceRoot()/removeTestCompileSourceRoot() methods instead. If using a plugin, please upgrade to the latest version or report the issue to the plugin maintainer. To disable these warnings, set -Dmaven.project.sourceRoots.warningsDisabled=true on the command line, in the .mvn/maven.config file, or in project POM properties.
2026-05-29 16:46:01,417 [Worker-43: Building] WARN  o.apache.maven.project.MavenProject - Plugin is modifying testCompileSourceRoots through add(), which will not work in Maven 4.0.0. Use MavenProject.addTestCompileSourceRoot()/removeTestCompileSourceRoot() methods instead. If using a plugin, please upgrade to the latest version or report the issue to the plugin maintainer. To disable these warnings, set -Dmaven.project.sourceRoots.warningsDisabled=true on the command line, in the .mvn/maven.config file, or in project POM properties.
2026-05-29 16:47:37,604 [Worker-52: Building] INFO  o.a.m.s.f.DefaultMavenResourcesFiltering - Copying 1 resource from src\main\resources to target\classes
2026-05-29 16:47:37,606 [Worker-52: Building] INFO  o.a.m.s.f.DefaultMavenResourcesFiltering - skip non existing resourceDirectory C:\Users\Hp\Documents\workspace-spring-tools-for-eclipse-5.1.1.RELEASE\HibernateDemo1\src\test\resources
2026-05-29 16:47:37,606 [Worker-52: Building] WARN  o.apache.maven.project.MavenProject - Plugin is modifying compileSourceRoots through clear(), which will not work in Maven 4.0.0. Use MavenProject.addCompileSourceRoot()/removeCompileSourceRoot() methods instead. If using a plugin, please upgrade to the latest version or report the issue to the plugin maintainer. To disable these warnings, set -Dmaven.project.sourceRoots.warningsDisabled=true on the command line, in the .mvn/maven.config file, or in project POM properties.
2026-05-29 16:47:37,607 [Worker-52: Building] WARN  o.apache.maven.project.MavenProject - Plugin is modifying compileSourceRoots through add(), which will not work in Maven 4.0.0. Use MavenProject.addCompileSourceRoot()/removeCompileSourceRoot() methods instead. If using a plugin, please upgrade to the latest version or report the issue to the plugin maintainer. To disable these warnings, set -Dmaven.project.sourceRoots.warningsDisabled=true on the command line, in the .mvn/maven.config file, or in project POM properties.
2026-05-29 16:47:37,607 [Worker-52: Building] WARN  o.apache.maven.project.MavenProject - Plugin is modifying testCompileSourceRoots through clear(), which will not work in Maven 4.0.0. Use MavenProject.addTestCompileSourceRoot()/removeTestCompileSourceRoot() methods instead. If using a plugin, please upgrade to the latest version or report the issue to the plugin maintainer. To disable these warnings, set -Dmaven.project.sourceRoots.warningsDisabled=true on the command line, in the .mvn/maven.config file, or in project POM properties.
2026-05-29 16:47:37,608 [Worker-52: Building] WARN  o.apache.maven.project.MavenProject - Plugin is modifying testCompileSourceRoots through add(), which will not work in Maven 4.0.0. Use MavenProject.addTestCompileSourceRoot()/removeTestCompileSourceRoot() methods instead. If using a plugin, please upgrade to the latest version or report the issue to the plugin maintainer. To disable these warnings, set -Dmaven.project.sourceRoots.warningsDisabled=true on the command line, in the .mvn/maven.config file, or in project POM properties.
2026-05-29 16:48:51,173 [Worker-55: Building] INFO  o.a.m.s.f.DefaultMavenResourcesFiltering - Copying 1 resource from src\main\resources to target\classes
2026-05-29 16:48:51,175 [Worker-55: Building] INFO  o.a.m.s.f.DefaultMavenResourcesFiltering - skip non existing resourceDirectory C:\Users\Hp\Documents\workspace-spring-tools-for-eclipse-5.1.1.RELEASE\HibernateDemo1\src\test\resources
2026-05-29 16:48:51,176 [Worker-55: Building] WARN  o.apache.maven.project.MavenProject - Plugin is modifying compileSourceRoots through clear(), which will not work in Maven 4.0.0. Use MavenProject.addCompileSourceRoot()/removeCompileSourceRoot() methods instead. If using a plugin, please upgrade to the latest version or report the issue to the plugin maintainer. To disable these warnings, set -Dmaven.project.sourceRoots.warningsDisabled=true on the command line, in the .mvn/maven.config file, or in project POM properties.
2026-05-29 16:48:51,176 [Worker-55: Building] WARN  o.apache.maven.project.MavenProject - Plugin is modifying compileSourceRoots through add(), which will not work in Maven 4.0.0. Use MavenProject.addCompileSourceRoot()/removeCompileSourceRoot() methods instead. If using a plugin, please upgrade to the latest version or report the issue to the plugin maintainer. To disable these warnings, set -Dmaven.project.sourceRoots.warningsDisabled=true on the command line, in the .mvn/maven.config file, or in project POM properties.
2026-05-29 16:48:51,176 [Worker-55: Building] WARN  o.apache.maven.project.MavenProject - Plugin is modifying testCompileSourceRoots through clear(), which will not work in Maven 4.0.0. Use MavenProject.addTestCompileSourceRoot()/removeTestCompileSourceRoot() methods instead. If using a plugin, please upgrade to the latest version or report the issue to the plugin maintainer. To disable these warnings, set -Dmaven.project.sourceRoots.warningsDisabled=true on the command line, in the .mvn/maven.config file, or in project POM properties.
2026-05-29 16:48:51,177 [Worker-55: Building] WARN  o.apache.maven.project.MavenProject - Plugin is modifying testCompileSourceRoots through add(), which will not work in Maven 4.0.0. Use MavenProject.addTestCompileSourceRoot()/removeTestCompileSourceRoot() methods instead. If using a plugin, please upgrade to the latest version or report the issue to the plugin maintainer. To disable these warnings, set -Dmaven.project.sourceRoots.warningsDisabled=true on the command line, in the .mvn/maven.config file, or in project POM properties.
2026-05-29 16:49:01,353 [Worker-55: Building] INFO  o.a.m.s.f.DefaultMavenResourcesFiltering - Copying 1 resource from src\main\resources to target\classes
2026-05-29 16:49:01,355 [Worker-55: Building] INFO  o.a.m.s.f.DefaultMavenResourcesFiltering - skip non existing resourceDirectory C:\Users\Hp\Documents\workspace-spring-tools-for-eclipse-5.1.1.RELEASE\HibernateDemo1\src\test\resources
2026-05-29 16:49:01,355 [Worker-55: Building] WARN  o.apache.maven.project.MavenProject - Plugin is modifying compileSourceRoots through clear(), which will not work in Maven 4.0.0. Use MavenProject.addCompileSourceRoot()/removeCompileSourceRoot() methods instead. If using a plugin, please upgrade to the latest version or report the issue to the plugin maintainer. To disable these warnings, set -Dmaven.project.sourceRoots.warningsDisabled=true on the command line, in the .mvn/maven.config file, or in project POM properties.
2026-05-29 16:49:01,356 [Worker-55: Building] WARN  o.apache.maven.project.MavenProject - Plugin is modifying compileSourceRoots through add(), which will not work in Maven 4.0.0. Use MavenProject.addCompileSourceRoot()/removeCompileSourceRoot() methods instead. If using a plugin, please upgrade to the latest version or report the issue to the plugin maintainer. To disable these warnings, set -Dmaven.project.sourceRoots.warningsDisabled=true on the command line, in the .mvn/maven.config file, or in project POM properties.
2026-05-29 16:49:01,356 [Worker-55: Building] WARN  o.apache.maven.project.MavenProject - Plugin is modifying testCompileSourceRoots through clear(), which will not work in Maven 4.0.0. Use MavenProject.addTestCompileSourceRoot()/removeTestCompileSourceRoot() methods instead. If using a plugin, please upgrade to the latest version or report the issue to the plugin maintainer. To disable these warnings, set -Dmaven.project.sourceRoots.warningsDisabled=true on the command line, in the .mvn/maven.config file, or in project POM properties.
2026-05-29 16:49:01,357 [Worker-55: Building] WARN  o.apache.maven.project.MavenProject - Plugin is modifying testCompileSourceRoots through add(), which will not work in Maven 4.0.0. Use MavenProject.addTestCompileSourceRoot()/removeTestCompileSourceRoot() methods instead. If using a plugin, please upgrade to the latest version or report the issue to the plugin maintainer. To disable these warnings, set -Dmaven.project.sourceRoots.warningsDisabled=true on the command line, in the .mvn/maven.config file, or in project POM properties.
2026-05-29 16:49:24,144 [Worker-54: Building] INFO  o.a.m.s.f.DefaultMavenResourcesFiltering - Copying 1 resource from src\main\resources to target\classes
2026-05-29 16:49:24,146 [Worker-54: Building] INFO  o.a.m.s.f.DefaultMavenResourcesFiltering - skip non existing resourceDirectory C:\Users\Hp\Documents\workspace-spring-tools-for-eclipse-5.1.1.RELEASE\HibernateDemo1\src\test\resources
2026-05-29 16:49:24,146 [Worker-54: Building] WARN  o.apache.maven.project.MavenProject - Plugin is modifying compileSourceRoots through clear(), which will not work in Maven 4.0.0. Use MavenProject.addCompileSourceRoot()/removeCompileSourceRoot() methods instead. If using a plugin, please upgrade to the latest version or report the issue to the plugin maintainer. To disable these warnings, set -Dmaven.project.sourceRoots.warningsDisabled=true on the command line, in the .mvn/maven.config file, or in project POM properties.
2026-05-29 16:49:24,146 [Worker-54: Building] WARN  o.apache.maven.project.MavenProject - Plugin is modifying compileSourceRoots through add(), which will not work in Maven 4.0.0. Use MavenProject.addCompileSourceRoot()/removeCompileSourceRoot() methods instead. If using a plugin, please upgrade to the latest version or report the issue to the plugin maintainer. To disable these warnings, set -Dmaven.project.sourceRoots.warningsDisabled=true on the command line, in the .mvn/maven.config file, or in project POM properties.
2026-05-29 16:49:24,147 [Worker-54: Building] WARN  o.apache.maven.project.MavenProject - Plugin is modifying testCompileSourceRoots through clear(), which will not work in Maven 4.0.0. Use MavenProject.addTestCompileSourceRoot()/removeTestCompileSourceRoot() methods instead. If using a plugin, please upgrade to the latest version or report the issue to the plugin maintainer. To disable these warnings, set -Dmaven.project.sourceRoots.warningsDisabled=true on the command line, in the .mvn/maven.config file, or in project POM properties.
2026-05-29 16:49:24,147 [Worker-54: Building] WARN  o.apache.maven.project.MavenProject - Plugin is modifying testCompileSourceRoots through add(), which will not work in Maven 4.0.0. Use MavenProject.addTestCompileSourceRoot()/removeTestCompileSourceRoot() methods instead. If using a plugin, please upgrade to the latest version or report the issue to the plugin maintainer. To disable these warnings, set -Dmaven.project.sourceRoots.warningsDisabled=true on the command line, in the .mvn/maven.config file, or in project POM properties.
